-- phpMyAdmin SQL Dump
-- version 3.5.1
-- http://www.phpmyadmin.net
--
-- Host: localhost
-- Generation Time: May 24, 2013 at 12:36 PM
-- Server version: 5.5.24-log
-- PHP Version: 5.4.3

SET FOREIGN_KEY_CHECKS=0;
SET SQL_MODE="NO_AUTO_VALUE_ON_ZERO";
SET time_zone = "+00:00";


/*!40101 SET @OLD_CHARACTER_SET_CLIENT=@@CHARACTER_SET_CLIENT */;
/*!40101 SET @OLD_CHARACTER_SET_RESULTS=@@CHARACTER_SET_RESULTS */;
/*!40101 SET @OLD_COLLATION_CONNECTION=@@COLLATION_CONNECTION */;
/*!40101 SET NAMES utf8 */;

--
-- Database: `tournament`
--

-- --------------------------------------------------------

--
-- Table structure for table `game`
--

DROP TABLE IF EXISTS `game`;
CREATE TABLE IF NOT EXISTS `game` (
  `game_id` varchar(50) NOT NULL,
  `tournament_id` int(10) unsigned NOT NULL,
  `participant_a_id` int(10) unsigned NOT NULL,
  `participant_b_id` int(10) unsigned NOT NULL,
  `participant_a_score` int(10) NOT NULL,
  `participant_b_score` int(10) NOT NULL,
  `deleted` tinyint(3) unsigned NOT NULL DEFAULT '0',
  PRIMARY KEY (`game_id`),
  KEY `tournament_id` (`tournament_id`),
  KEY `participant_a_id` (`participant_a_id`),
  KEY `participant_b_id` (`participant_b_id`)
) ENGINE=InnoDB DEFAULT CHARSET=utf8;

--
-- Dumping data for table `game`
--

INSERT INTO `game` (`game_id`, `tournament_id`, `participant_a_id`, `participant_b_id`, `participant_a_score`, `participant_b_score`, `deleted`) VALUES
('10_1_10_11', 1, 10, 11, 0, 0, 0),
('10_1_10_12', 1, 10, 12, 0, 0, 0),
('10_1_10_13', 1, 10, 13, 0, 0, 0),
('10_1_10_14', 1, 10, 14, 0, 0, 0),
('10_1_10_15', 1, 10, 15, 0, 0, 0),
('10_1_10_205', 1, 10, 205, 0, 0, 0),
('10_1_10_207', 1, 10, 207, 0, 0, 0),
('10_1_10_209', 1, 10, 209, 0, 0, 0),
('10_1_10_211', 1, 10, 211, 0, 0, 0),
('10_1_10_215', 1, 10, 215, 0, 0, 0),
('10_1_10_217', 1, 10, 217, 0, 0, 0),
('10_1_10_219', 1, 10, 219, 0, 0, 0),
('10_1_10_223', 1, 10, 223, 0, 0, 0),
('10_1_10_229', 1, 10, 229, 0, 0, 0),
('10_1_10_231', 1, 10, 231, 0, 0, 0),
('10_1_10_235', 1, 10, 235, 0, 0, 0),
('10_1_10_239', 1, 10, 239, 0, 0, 0),
('10_1_10_241', 1, 10, 241, 0, 0, 0),
('11_1_11_12', 1, 11, 12, 0, 0, 0),
('11_1_11_13', 1, 11, 13, 0, 0, 0),
('11_1_11_14', 1, 11, 14, 0, 0, 0),
('11_1_11_15', 1, 11, 15, 0, 0, 0),
('11_1_11_206', 1, 11, 206, 0, 0, 0),
('11_1_11_208', 1, 11, 208, 0, 0, 0),
('11_1_11_210', 1, 11, 210, 0, 0, 0),
('11_1_11_212', 1, 11, 212, 0, 0, 0),
('11_1_11_216', 1, 11, 216, 0, 0, 0),
('11_1_11_218', 1, 11, 218, 0, 0, 0),
('11_1_11_220', 1, 11, 220, 0, 0, 0),
('11_1_11_224', 1, 11, 224, 0, 0, 0),
('11_1_11_230', 1, 11, 230, 0, 0, 0),
('11_1_11_232', 1, 11, 232, 0, 0, 0),
('11_1_11_236', 1, 11, 236, 0, 0, 0),
('11_1_11_240', 1, 11, 240, 0, 0, 0),
('11_1_11_242', 1, 11, 242, 0, 0, 0),
('12_1_12_13', 1, 12, 13, 0, 0, 0),
('12_1_12_14', 1, 12, 14, 0, 0, 0),
('12_1_12_15', 1, 12, 15, 0, 0, 0),
('12_1_12_207', 1, 12, 207, 0, 0, 0),
('12_1_12_209', 1, 12, 209, 0, 0, 0),
('12_1_12_211', 1, 12, 211, 0, 0, 0),
('12_1_12_213', 1, 12, 213, 0, 0, 0),
('12_1_12_217', 1, 12, 217, 0, 0, 0),
('12_1_12_219', 1, 12, 219, 0, 0, 0),
('12_1_12_221', 1, 12, 221, 0, 0, 0),
('12_1_12_225', 1, 12, 225, 0, 0, 0),
('12_1_12_231', 1, 12, 231, 0, 0, 0),
('12_1_12_233', 1, 12, 233, 0, 0, 0),
('12_1_12_237', 1, 12, 237, 0, 0, 0),
('12_1_12_241', 1, 12, 241, 0, 0, 0),
('12_1_12_243', 1, 12, 243, 0, 0, 0),
('13_1_13_14', 1, 13, 14, 0, 0, 0),
('13_1_13_15', 1, 13, 15, 0, 0, 0),
('13_1_13_208', 1, 13, 208, 0, 0, 0),
('13_1_13_210', 1, 13, 210, 0, 0, 0),
('13_1_13_212', 1, 13, 212, 0, 0, 0),
('13_1_13_214', 1, 13, 214, 0, 0, 0),
('13_1_13_218', 1, 13, 218, 0, 0, 0),
('13_1_13_220', 1, 13, 220, 0, 0, 0),
('13_1_13_222', 1, 13, 222, 0, 0, 0),
('13_1_13_226', 1, 13, 226, 0, 0, 0),
('13_1_13_232', 1, 13, 232, 0, 0, 0),
('13_1_13_234', 1, 13, 234, 0, 0, 0),
('13_1_13_238', 1, 13, 238, 0, 0, 0),
('13_1_13_242', 1, 13, 242, 0, 0, 0),
('14_1_14_15', 1, 14, 15, 0, 0, 0),
('14_1_14_209', 1, 14, 209, 0, 0, 0),
('14_1_14_211', 1, 14, 211, 0, 0, 0),
('14_1_14_213', 1, 14, 213, 0, 0, 0),
('14_1_14_215', 1, 14, 215, 0, 0, 0),
('14_1_14_219', 1, 14, 219, 0, 0, 0),
('14_1_14_221', 1, 14, 221, 0, 0, 0),
('14_1_14_223', 1, 14, 223, 0, 0, 0),
('14_1_14_227', 1, 14, 227, 0, 0, 0),
('14_1_14_233', 1, 14, 233, 0, 0, 0),
('14_1_14_235', 1, 14, 235, 0, 0, 0),
('14_1_14_239', 1, 14, 239, 0, 0, 0),
('14_1_14_243', 1, 14, 243, 0, 0, 0),
('15_1_15_210', 1, 15, 210, 0, 0, 0),
('15_1_15_212', 1, 15, 212, 0, 0, 0),
('15_1_15_214', 1, 15, 214, 0, 0, 0),
('15_1_15_216', 1, 15, 216, 0, 0, 0),
('15_1_15_220', 1, 15, 220, 0, 0, 0),
('15_1_15_222', 1, 15, 222, 0, 0, 0),
('15_1_15_224', 1, 15, 224, 0, 0, 0),
('15_1_15_228', 1, 15, 228, 0, 0, 0),
('15_1_15_234', 1, 15, 234, 0, 0, 0),
('15_1_15_236', 1, 15, 236, 0, 0, 0),
('15_1_15_240', 1, 15, 240, 0, 0, 0),
('1_1_1_10', 1, 1, 10, 0, 0, 0),
('1_1_1_11', 1, 1, 11, 0, 0, 0),
('1_1_1_12', 1, 1, 12, 0, 0, 0),
('1_1_1_13', 1, 1, 13, 0, 0, 0),
('1_1_1_14', 1, 1, 14, 0, 0, 0),
('1_1_1_15', 1, 1, 15, 0, 0, 0),
('1_1_1_2', 1, 1, 2, 0, 0, 0),
('1_1_1_206', 1, 1, 206, 0, 0, 0),
('1_1_1_208', 1, 1, 208, 0, 0, 0),
('1_1_1_210', 1, 1, 210, 0, 0, 0),
('1_1_1_214', 1, 1, 214, 0, 0, 0),
('1_1_1_220', 1, 1, 220, 0, 0, 0),
('1_1_1_222', 1, 1, 222, 0, 0, 0),
('1_1_1_226', 1, 1, 226, 0, 0, 0),
('1_1_1_230', 1, 1, 230, 0, 0, 0),
('1_1_1_232', 1, 1, 232, 0, 0, 0),
('1_1_1_238', 1, 1, 238, 0, 0, 0),
('1_1_1_240', 1, 1, 240, 0, 0, 0),
('1_1_1_3', 1, 1, 3, 0, 0, 0),
('1_1_1_4', 1, 1, 4, 0, 0, 0),
('1_1_1_5', 1, 1, 5, 0, 0, 0),
('1_1_1_6', 1, 1, 6, 9, 0, 0),
('1_1_1_62', 1, 1, 62, 0, 0, 0),
('1_1_1_7', 1, 1, 7, 0, 0, 0),
('1_1_1_8', 1, 1, 8, 0, 0, 0),
('1_1_1_9', 1, 1, 9, 0, 0, 0),
('205_1_205_211', 1, 205, 211, 0, 0, 0),
('205_1_205_213', 1, 205, 213, 0, 0, 0),
('205_1_205_215', 1, 205, 215, 0, 0, 0),
('205_1_205_217', 1, 205, 217, 0, 0, 0),
('205_1_205_221', 1, 205, 221, 0, 0, 0),
('205_1_205_223', 1, 205, 223, 0, 0, 0),
('205_1_205_225', 1, 205, 225, 0, 0, 0),
('205_1_205_229', 1, 205, 229, 0, 0, 0),
('205_1_205_235', 1, 205, 235, 0, 0, 0),
('205_1_205_237', 1, 205, 237, 0, 0, 0),
('205_1_205_241', 1, 205, 241, 0, 0, 0),
('206_1_206_212', 1, 206, 212, 0, 0, 0),
('206_1_206_214', 1, 206, 214, 0, 0, 0),
('206_1_206_216', 1, 206, 216, 0, 0, 0),
('206_1_206_218', 1, 206, 218, 0, 0, 0),
('206_1_206_222', 1, 206, 222, 0, 0, 0),
('206_1_206_224', 1, 206, 224, 0, 0, 0),
('206_1_206_226', 1, 206, 226, 0, 0, 0),
('206_1_206_230', 1, 206, 230, 0, 0, 0),
('206_1_206_236', 1, 206, 236, 0, 0, 0),
('206_1_206_238', 1, 206, 238, 0, 0, 0),
('206_1_206_242', 1, 206, 242, 0, 0, 0),
('207_1_207_213', 1, 207, 213, 0, 0, 0),
('207_1_207_215', 1, 207, 215, 0, 0, 0),
('207_1_207_217', 1, 207, 217, 0, 0, 0),
('207_1_207_219', 1, 207, 219, 0, 0, 0),
('207_1_207_223', 1, 207, 223, 0, 0, 0),
('207_1_207_225', 1, 207, 225, 0, 0, 0),
('207_1_207_227', 1, 207, 227, 0, 0, 0),
('207_1_207_231', 1, 207, 231, 0, 0, 0),
('207_1_207_237', 1, 207, 237, 0, 0, 0),
('207_1_207_239', 1, 207, 239, 0, 0, 0),
('207_1_207_243', 1, 207, 243, 0, 0, 0),
('208_1_208_214', 1, 208, 214, 0, 0, 0),
('208_1_208_216', 1, 208, 216, 0, 0, 0),
('208_1_208_218', 1, 208, 218, 0, 0, 0),
('208_1_208_220', 1, 208, 220, 0, 0, 0),
('208_1_208_224', 1, 208, 224, 0, 0, 0),
('208_1_208_226', 1, 208, 226, 0, 0, 0),
('208_1_208_228', 1, 208, 228, 0, 0, 0),
('208_1_208_232', 1, 208, 232, 0, 0, 0),
('208_1_208_238', 1, 208, 238, 0, 0, 0),
('208_1_208_240', 1, 208, 240, 0, 0, 0),
('209_1_209_215', 1, 209, 215, 0, 0, 0),
('209_1_209_217', 1, 209, 217, 0, 0, 0),
('209_1_209_219', 1, 209, 219, 0, 0, 0),
('209_1_209_221', 1, 209, 221, 0, 0, 0),
('209_1_209_225', 1, 209, 225, 0, 0, 0),
('209_1_209_227', 1, 209, 227, 0, 0, 0),
('209_1_209_229', 1, 209, 229, 0, 0, 0),
('209_1_209_233', 1, 209, 233, 0, 0, 0),
('209_1_209_239', 1, 209, 239, 0, 0, 0),
('209_1_209_241', 1, 209, 241, 0, 0, 0),
('210_1_210_216', 1, 210, 216, 0, 0, 0),
('210_1_210_218', 1, 210, 218, 0, 0, 0),
('210_1_210_220', 1, 210, 220, 0, 0, 0),
('210_1_210_222', 1, 210, 222, 0, 0, 0),
('210_1_210_226', 1, 210, 226, 0, 0, 0),
('210_1_210_228', 1, 210, 228, 0, 0, 0),
('210_1_210_230', 1, 210, 230, 0, 0, 0),
('210_1_210_234', 1, 210, 234, 0, 0, 0),
('210_1_210_240', 1, 210, 240, 0, 0, 0),
('210_1_210_242', 1, 210, 242, 0, 0, 0),
('211_1_211_217', 1, 211, 217, 0, 0, 0),
('211_1_211_219', 1, 211, 219, 0, 0, 0),
('211_1_211_221', 1, 211, 221, 0, 0, 0),
('211_1_211_223', 1, 211, 223, 0, 0, 0),
('211_1_211_227', 1, 211, 227, 0, 0, 0),
('211_1_211_229', 1, 211, 229, 0, 0, 0),
('211_1_211_231', 1, 211, 231, 0, 0, 0),
('211_1_211_235', 1, 211, 235, 0, 0, 0),
('211_1_211_241', 1, 211, 241, 0, 0, 0),
('211_1_211_243', 1, 211, 243, 0, 0, 0),
('212_1_212_218', 1, 212, 218, 0, 0, 0),
('212_1_212_220', 1, 212, 220, 0, 0, 0),
('212_1_212_222', 1, 212, 222, 0, 0, 0),
('212_1_212_224', 1, 212, 224, 0, 0, 0),
('212_1_212_228', 1, 212, 228, 0, 0, 0),
('212_1_212_230', 1, 212, 230, 0, 0, 0),
('212_1_212_232', 1, 212, 232, 0, 0, 0),
('212_1_212_236', 1, 212, 236, 0, 0, 0),
('212_1_212_242', 1, 212, 242, 0, 0, 0),
('213_1_213_219', 1, 213, 219, 0, 0, 0),
('213_1_213_221', 1, 213, 221, 0, 0, 0),
('213_1_213_223', 1, 213, 223, 0, 0, 0),
('213_1_213_225', 1, 213, 225, 0, 0, 0),
('213_1_213_229', 1, 213, 229, 0, 0, 0),
('213_1_213_231', 1, 213, 231, 0, 0, 0),
('213_1_213_233', 1, 213, 233, 0, 0, 0),
('213_1_213_237', 1, 213, 237, 0, 0, 0),
('213_1_213_243', 1, 213, 243, 0, 0, 0),
('214_1_214_220', 1, 214, 220, 0, 0, 0),
('214_1_214_222', 1, 214, 222, 0, 0, 0),
('214_1_214_224', 1, 214, 224, 0, 0, 0),
('214_1_214_226', 1, 214, 226, 0, 0, 0),
('214_1_214_230', 1, 214, 230, 0, 0, 0),
('214_1_214_232', 1, 214, 232, 0, 0, 0),
('214_1_214_234', 1, 214, 234, 0, 0, 0),
('214_1_214_238', 1, 214, 238, 0, 0, 0),
('215_1_215_221', 1, 215, 221, 0, 0, 0),
('215_1_215_223', 1, 215, 223, 0, 0, 0),
('215_1_215_225', 1, 215, 225, 0, 0, 0),
('215_1_215_227', 1, 215, 227, 0, 0, 0),
('215_1_215_231', 1, 215, 231, 0, 0, 0),
('215_1_215_233', 1, 215, 233, 0, 0, 0),
('215_1_215_235', 1, 215, 235, 0, 0, 0),
('215_1_215_239', 1, 215, 239, 0, 0, 0),
('216_1_216_222', 1, 216, 222, 0, 0, 0),
('216_1_216_224', 1, 216, 224, 0, 0, 0),
('216_1_216_226', 1, 216, 226, 0, 0, 0),
('216_1_216_228', 1, 216, 228, 0, 0, 0),
('216_1_216_232', 1, 216, 232, 0, 0, 0),
('216_1_216_234', 1, 216, 234, 0, 0, 0),
('216_1_216_236', 1, 216, 236, 0, 0, 0),
('216_1_216_240', 1, 216, 240, 0, 0, 0),
('217_1_217_223', 1, 217, 223, 0, 0, 0),
('217_1_217_225', 1, 217, 225, 0, 0, 0),
('217_1_217_227', 1, 217, 227, 0, 0, 0),
('217_1_217_229', 1, 217, 229, 0, 0, 0),
('217_1_217_233', 1, 217, 233, 0, 0, 0),
('217_1_217_235', 1, 217, 235, 0, 0, 0),
('217_1_217_237', 1, 217, 237, 0, 0, 0),
('217_1_217_241', 1, 217, 241, 0, 0, 0),
('218_1_218_224', 1, 218, 224, 0, 0, 0),
('218_1_218_226', 1, 218, 226, 0, 0, 0),
('218_1_218_228', 1, 218, 228, 0, 0, 0),
('218_1_218_230', 1, 218, 230, 0, 0, 0),
('218_1_218_234', 1, 218, 234, 0, 0, 0),
('218_1_218_236', 1, 218, 236, 0, 0, 0),
('218_1_218_238', 1, 218, 238, 0, 0, 0),
('218_1_218_242', 1, 218, 242, 0, 0, 0),
('219_1_219_225', 1, 219, 225, 0, 0, 0),
('219_1_219_227', 1, 219, 227, 0, 0, 0),
('219_1_219_229', 1, 219, 229, 0, 0, 0),
('219_1_219_231', 1, 219, 231, 0, 0, 0),
('219_1_219_235', 1, 219, 235, 0, 0, 0),
('219_1_219_237', 1, 219, 237, 0, 0, 0),
('219_1_219_239', 1, 219, 239, 0, 0, 0),
('219_1_219_243', 1, 219, 243, 0, 0, 0),
('21_113_21_28', 113, 21, 28, 0, 0, 0),
('21_113_21_30', 113, 21, 30, 0, 0, 0),
('21_113_21_39', 113, 21, 39, 2, -2, 0),
('21_113_21_64', 113, 21, 64, 0, 0, 0),
('220_1_220_226', 1, 220, 226, 0, 0, 0),
('220_1_220_228', 1, 220, 228, 0, 0, 0),
('220_1_220_230', 1, 220, 230, 0, 0, 0),
('220_1_220_232', 1, 220, 232, 0, 0, 0),
('220_1_220_236', 1, 220, 236, 0, 0, 0),
('220_1_220_238', 1, 220, 238, 0, 0, 0),
('220_1_220_240', 1, 220, 240, 0, 0, 0),
('221_1_221_227', 1, 221, 227, 0, 0, 0),
('221_1_221_229', 1, 221, 229, 0, 0, 0),
('221_1_221_231', 1, 221, 231, 0, 0, 0),
('221_1_221_233', 1, 221, 233, 0, 0, 0),
('221_1_221_237', 1, 221, 237, 0, 0, 0),
('221_1_221_239', 1, 221, 239, 0, 0, 0),
('221_1_221_241', 1, 221, 241, 0, 0, 0),
('222_1_222_228', 1, 222, 228, 0, 0, 0),
('222_1_222_230', 1, 222, 230, 0, 0, 0),
('222_1_222_232', 1, 222, 232, 0, 0, 0),
('222_1_222_234', 1, 222, 234, 0, 0, 0),
('222_1_222_238', 1, 222, 238, 0, 0, 0),
('222_1_222_240', 1, 222, 240, 0, 0, 0),
('222_1_222_242', 1, 222, 242, 0, 0, 0),
('223_1_223_229', 1, 223, 229, 0, 0, 0),
('223_1_223_231', 1, 223, 231, 0, 0, 0),
('223_1_223_233', 1, 223, 233, 0, 0, 0),
('223_1_223_235', 1, 223, 235, 0, 0, 0),
('223_1_223_239', 1, 223, 239, 0, 0, 0),
('223_1_223_241', 1, 223, 241, 0, 0, 0),
('223_1_223_243', 1, 223, 243, 0, 0, 0),
('224_1_224_230', 1, 224, 230, 0, 0, 0),
('224_1_224_232', 1, 224, 232, 0, 0, 0),
('224_1_224_234', 1, 224, 234, 0, 0, 0),
('224_1_224_236', 1, 224, 236, 0, 0, 0),
('224_1_224_240', 1, 224, 240, 0, 0, 0),
('224_1_224_242', 1, 224, 242, 0, 0, 0),
('225_1_225_231', 1, 225, 231, 0, 0, 0),
('225_1_225_233', 1, 225, 233, 0, 0, 0),
('225_1_225_235', 1, 225, 235, 0, 0, 0),
('225_1_225_237', 1, 225, 237, 0, 0, 0),
('225_1_225_241', 1, 225, 241, 0, 0, 0),
('225_1_225_243', 1, 225, 243, 0, 0, 0),
('226_1_226_232', 1, 226, 232, 0, 0, 0),
('226_1_226_234', 1, 226, 234, 0, 0, 0),
('226_1_226_236', 1, 226, 236, 0, 0, 0),
('226_1_226_238', 1, 226, 238, 0, 0, 0),
('226_1_226_242', 1, 226, 242, 0, 0, 0),
('227_1_227_233', 1, 227, 233, 0, 0, 0),
('227_1_227_235', 1, 227, 235, 0, 0, 0),
('227_1_227_237', 1, 227, 237, 0, 0, 0),
('227_1_227_239', 1, 227, 239, 0, 0, 0),
('227_1_227_243', 1, 227, 243, 0, 0, 0),
('228_1_228_234', 1, 228, 234, 0, 0, 0),
('228_1_228_236', 1, 228, 236, 0, 0, 0),
('228_1_228_238', 1, 228, 238, 0, 0, 0),
('228_1_228_240', 1, 228, 240, 0, 0, 0),
('229_1_229_235', 1, 229, 235, 0, 0, 0),
('229_1_229_237', 1, 229, 237, 0, 0, 0),
('229_1_229_239', 1, 229, 239, 0, 0, 0),
('229_1_229_241', 1, 229, 241, 0, 0, 0),
('22_113_22_29', 113, 22, 29, 0, 0, 0),
('22_113_22_31', 113, 22, 31, 0, 0, 0),
('22_113_22_65', 113, 22, 65, 0, 0, 0),
('230_1_230_236', 1, 230, 236, 0, 0, 0),
('230_1_230_238', 1, 230, 238, 0, 0, 0),
('230_1_230_240', 1, 230, 240, 0, 0, 0),
('230_1_230_242', 1, 230, 242, 0, 0, 0),
('231_1_231_237', 1, 231, 237, 0, 0, 0),
('231_1_231_239', 1, 231, 239, 0, 0, 0),
('231_1_231_241', 1, 231, 241, 0, 0, 0),
('231_1_231_243', 1, 231, 243, 0, 0, 0),
('232_1_232_238', 1, 232, 238, 0, 0, 0),
('232_1_232_240', 1, 232, 240, 0, 0, 0),
('232_1_232_242', 1, 232, 242, 0, 0, 0),
('233_1_233_239', 1, 233, 239, 0, 0, 0),
('233_1_233_241', 1, 233, 241, 0, 0, 0),
('233_1_233_243', 1, 233, 243, 0, 0, 0),
('234_1_234_240', 1, 234, 240, 0, 0, 0),
('234_1_234_242', 1, 234, 242, 0, 0, 0),
('235_1_235_241', 1, 235, 241, 0, 0, 0),
('235_1_235_243', 1, 235, 243, 0, 0, 0),
('236_1_236_242', 1, 236, 242, 0, 0, 0),
('237_1_237_243', 1, 237, 243, 0, 0, 0),
('244_146_244_245', 146, 244, 245, 0, 0, 0),
('244_146_244_246', 146, 244, 246, 0, 0, 0),
('245_146_245_246', 146, 245, 246, 0, 0, 0),
('248_149_248_249', 149, 248, 249, 47, 70, 0),
('248_149_248_250', 149, 248, 250, 0, 0, 0),
('248_149_248_251', 149, 248, 251, 0, 0, 0),
('248_149_248_252', 149, 248, 252, 0, 0, 0),
('249_149_249_250', 149, 249, 250, 0, 0, 0),
('249_149_249_251', 149, 249, 251, 0, 0, 0),
('249_149_249_252', 149, 249, 252, 0, 0, 0),
('250_149_250_251', 149, 250, 251, 0, 0, 0),
('250_149_250_252', 149, 250, 252, 0, 0, 0),
('251_149_251_252', 149, 251, 252, 0, 0, 0),
('28_113_28_30', 113, 28, 30, 0, 0, 0),
('28_113_28_39', 113, 28, 39, -30, 0, 0),
('28_113_28_64', 113, 28, 64, 0, 0, 0),
('29_113_29_31', 113, 29, 31, 0, 0, 0),
('29_113_29_65', 113, 29, 65, 0, 0, 0),
('2_1_2_10', 1, 2, 10, 0, 0, 0),
('2_1_2_11', 1, 2, 11, 0, 0, 0),
('2_1_2_12', 1, 2, 12, 0, 0, 0),
('2_1_2_13', 1, 2, 13, 0, 0, 0),
('2_1_2_14', 1, 2, 14, 0, 0, 0),
('2_1_2_15', 1, 2, 15, 0, 0, 0),
('2_1_2_207', 1, 2, 207, 0, 0, 0),
('2_1_2_209', 1, 2, 209, 0, 0, 0),
('2_1_2_211', 1, 2, 211, 0, 0, 0),
('2_1_2_215', 1, 2, 215, 0, 0, 0),
('2_1_2_221', 1, 2, 221, 0, 0, 0),
('2_1_2_223', 1, 2, 223, 0, 0, 0),
('2_1_2_227', 1, 2, 227, 0, 0, 0),
('2_1_2_231', 1, 2, 231, 1, 0, 0),
('2_1_2_233', 1, 2, 233, 0, 0, 0),
('2_1_2_239', 1, 2, 239, 0, 0, 0),
('2_1_2_241', 1, 2, 241, 0, 0, 0),
('2_1_2_3', 1, 2, 3, 0, 0, 0),
('2_1_2_4', 1, 2, 4, 0, 0, 0),
('2_1_2_5', 1, 2, 5, 0, 0, 0),
('2_1_2_6', 1, 2, 6, 0, 0, 0),
('2_1_2_62', 1, 2, 62, 0, 0, 0),
('2_1_2_7', 1, 2, 7, 0, 0, 0),
('2_1_2_8', 1, 2, 8, 0, 0, 0),
('2_1_2_9', 1, 2, 9, 0, 0, 0),
('30_113_30_39', 113, 30, 39, 16, 0, 0),
('30_113_30_64', 113, 30, 64, 0, 0, 0),
('31_113_31_65', 113, 31, 65, 0, 0, 0),
('326_2_326_327', 2, 326, 327, 0, 0, 0),
('3_1_3_10', 1, 3, 10, 0, 0, 0),
('3_1_3_11', 1, 3, 11, 0, 0, 0),
('3_1_3_12', 1, 3, 12, 0, 0, 0),
('3_1_3_13', 1, 3, 13, 0, 0, 0),
('3_1_3_14', 1, 3, 14, 0, 0, 0),
('3_1_3_15', 1, 3, 15, 0, 0, 0),
('3_1_3_208', 1, 3, 208, 0, 0, 0),
('3_1_3_210', 1, 3, 210, 0, 0, 0),
('3_1_3_212', 1, 3, 212, 0, 0, 0),
('3_1_3_216', 1, 3, 216, 0, 0, 0),
('3_1_3_222', 1, 3, 222, 0, 0, 0),
('3_1_3_224', 1, 3, 224, 0, 0, 0),
('3_1_3_228', 1, 3, 228, 0, 0, 0),
('3_1_3_232', 1, 3, 232, 0, 0, 0),
('3_1_3_234', 1, 3, 234, 0, 0, 0),
('3_1_3_240', 1, 3, 240, 0, 0, 0),
('3_1_3_242', 1, 3, 242, 0, 0, 0),
('3_1_3_4', 1, 3, 4, 0, 0, 0),
('3_1_3_5', 1, 3, 5, 0, 0, 0),
('3_1_3_6', 1, 3, 6, 0, 0, 0),
('3_1_3_62', 1, 3, 62, 0, 0, 0),
('3_1_3_7', 1, 3, 7, 0, 0, 0),
('3_1_3_8', 1, 3, 8, 0, 0, 0),
('3_1_3_9', 1, 3, 9, 0, 0, 0),
('4_1_4_10', 1, 4, 10, 0, 0, 0),
('4_1_4_11', 1, 4, 11, 0, 0, 0),
('4_1_4_12', 1, 4, 12, 0, 0, 0),
('4_1_4_13', 1, 4, 13, 0, 0, 0),
('4_1_4_14', 1, 4, 14, 0, 0, 0),
('4_1_4_15', 1, 4, 15, 0, 0, 0),
('4_1_4_205', 1, 4, 205, 0, 0, 0),
('4_1_4_209', 1, 4, 209, 0, 0, 0),
('4_1_4_211', 1, 4, 211, 0, 0, 0),
('4_1_4_213', 1, 4, 213, 0, 0, 0),
('4_1_4_217', 1, 4, 217, 0, 0, 0),
('4_1_4_223', 1, 4, 223, 0, 0, 0),
('4_1_4_225', 1, 4, 225, 0, 0, 0),
('4_1_4_229', 1, 4, 229, 0, 0, 0),
('4_1_4_233', 1, 4, 233, 0, 0, 0),
('4_1_4_235', 1, 4, 235, 0, 0, 0),
('4_1_4_241', 1, 4, 241, 0, 0, 0),
('4_1_4_243', 1, 4, 243, 0, 0, 0),
('4_1_4_5', 1, 4, 5, 0, 0, 0),
('4_1_4_6', 1, 4, 6, 0, 0, 0),
('4_1_4_62', 1, 4, 62, 0, 0, 0),
('4_1_4_7', 1, 4, 7, 0, 0, 0),
('4_1_4_8', 1, 4, 8, 0, 0, 0),
('4_1_4_9', 1, 4, 9, 0, 0, 0),
('57_138_57_58', 138, 57, 58, 0, 0, 0),
('5_1_5_10', 1, 5, 10, 0, 0, 0),
('5_1_5_11', 1, 5, 11, 0, 0, 0),
('5_1_5_12', 1, 5, 12, 0, 0, 0),
('5_1_5_13', 1, 5, 13, 0, 0, 0),
('5_1_5_14', 1, 5, 14, 0, 0, 0),
('5_1_5_15', 1, 5, 15, 0, 0, 0),
('5_1_5_206', 1, 5, 206, 0, 0, 0),
('5_1_5_210', 1, 5, 210, 0, 0, 0),
('5_1_5_212', 1, 5, 212, 0, 0, 0),
('5_1_5_214', 1, 5, 214, 0, 0, 0),
('5_1_5_218', 1, 5, 218, 0, 0, 0),
('5_1_5_224', 1, 5, 224, 0, 0, 0),
('5_1_5_226', 1, 5, 226, 0, 0, 0),
('5_1_5_230', 1, 5, 230, 0, 0, 0),
('5_1_5_234', 1, 5, 234, 0, 0, 0),
('5_1_5_236', 1, 5, 236, 0, 0, 0),
('5_1_5_242', 1, 5, 242, 0, 0, 0),
('5_1_5_6', 1, 5, 6, 0, 0, 0),
('5_1_5_62', 1, 5, 62, 0, 0, 0),
('5_1_5_7', 1, 5, 7, 0, 0, 0),
('5_1_5_8', 1, 5, 8, 0, 0, 0),
('5_1_5_9', 1, 5, 9, 0, 0, 0),
('66_2_66_67', 2, 66, 67, 0, 0, 0),
('66_2_66_68', 2, 66, 68, 0, 0, 0),
('66_2_66_69', 2, 66, 69, 0, 0, 0),
('67_2_67_68', 2, 67, 68, 0, 0, 0),
('67_2_67_69', 2, 67, 69, 0, 0, 0),
('68_2_68_69', 2, 68, 69, 0, 0, 0),
('6_1_6_10', 1, 6, 10, 0, 0, 0),
('6_1_6_11', 1, 6, 11, 0, 0, 0),
('6_1_6_12', 1, 6, 12, 0, 0, 0),
('6_1_6_13', 1, 6, 13, 0, 0, 0),
('6_1_6_14', 1, 6, 14, 0, 0, 0),
('6_1_6_15', 1, 6, 15, 0, 0, 0),
('6_1_6_205', 1, 6, 205, 0, 0, 0),
('6_1_6_207', 1, 6, 207, 0, 0, 0),
('6_1_6_211', 1, 6, 211, 0, 0, 0),
('6_1_6_213', 1, 6, 213, 0, 0, 0),
('6_1_6_215', 1, 6, 215, 0, 0, 0),
('6_1_6_219', 1, 6, 219, 0, 0, 0),
('6_1_6_225', 1, 6, 225, 0, 0, 0),
('6_1_6_227', 1, 6, 227, 0, 0, 0),
('6_1_6_231', 1, 6, 231, 0, 0, 0),
('6_1_6_235', 1, 6, 235, 0, 0, 0),
('6_1_6_237', 1, 6, 237, 0, 0, 0),
('6_1_6_243', 1, 6, 243, 0, 0, 0),
('6_1_6_7', 1, 6, 7, 0, 0, 0),
('6_1_6_8', 1, 6, 8, 0, 0, 0),
('6_1_6_9', 1, 6, 9, 0, 0, 0),
('7_1_7_10', 1, 7, 10, 0, 0, 0),
('7_1_7_11', 1, 7, 11, 0, 0, 0),
('7_1_7_12', 1, 7, 12, 0, 0, 0),
('7_1_7_13', 1, 7, 13, 0, 0, 0),
('7_1_7_14', 1, 7, 14, 0, 0, 0),
('7_1_7_15', 1, 7, 15, 0, 0, 0),
('7_1_7_206', 1, 7, 206, 0, 0, 0),
('7_1_7_208', 1, 7, 208, 0, 0, 0),
('7_1_7_212', 1, 7, 212, 0, 0, 0),
('7_1_7_214', 1, 7, 214, 0, 0, 0),
('7_1_7_216', 1, 7, 216, 0, 0, 0),
('7_1_7_220', 1, 7, 220, 0, 0, 0),
('7_1_7_226', 1, 7, 226, 0, 0, 0),
('7_1_7_228', 1, 7, 228, 0, 0, 0),
('7_1_7_232', 1, 7, 232, 0, 0, 0),
('7_1_7_236', 1, 7, 236, 0, 0, 0),
('7_1_7_238', 1, 7, 238, 0, 0, 0),
('7_1_7_8', 1, 7, 8, 0, 0, 0),
('7_1_7_9', 1, 7, 9, 0, 0, 0),
('83_146_83_244', 146, 83, 244, 0, 0, 0),
('83_146_83_245', 146, 83, 245, 0, 0, 0),
('83_146_83_246', 146, 83, 246, 0, 0, 0),
('83_146_83_84', 146, 83, 84, 2, 0, 0),
('83_146_83_85', 146, 83, 85, 0, 0, 0),
('83_146_83_86', 146, 83, 86, 0, 0, 0),
('83_146_83_88', 146, 83, 88, 0, 0, 0),
('84_146_84_244', 146, 84, 244, 0, 0, 0),
('84_146_84_245', 146, 84, 245, 0, 0, 0),
('84_146_84_246', 146, 84, 246, 0, 0, 0),
('84_146_84_85', 146, 84, 85, -5, 0, 0),
('84_146_84_86', 146, 84, 86, 0, 0, 0),
('84_146_84_88', 146, 84, 88, 13, 0, 0),
('85_146_85_244', 146, 85, 244, 0, 0, 0),
('85_146_85_245', 146, 85, 245, 0, 0, 0),
('85_146_85_246', 146, 85, 246, 0, 0, 0),
('85_146_85_86', 146, 85, 86, 0, 0, 0),
('85_146_85_88', 146, 85, 88, 0, 0, 0),
('86_146_86_244', 146, 86, 244, 0, 0, 0),
('86_146_86_245', 146, 86, 245, 0, 0, 0),
('86_146_86_246', 146, 86, 246, 0, 0, 0),
('86_146_86_88', 146, 86, 88, 0, 0, 0),
('88_146_88_244', 146, 88, 244, 0, 0, 0),
('88_146_88_245', 146, 88, 245, 0, 0, 0),
('88_146_88_246', 146, 88, 246, 0, 0, 0),
('89_147_89_90', 147, 89, 90, 0, 0, 0),
('89_147_89_91', 147, 89, 91, 0, 0, 0),
('89_147_89_92', 147, 89, 92, 0, 0, 0),
('8_1_8_10', 1, 8, 10, 0, 0, 0),
('8_1_8_11', 1, 8, 11, 0, 0, 0),
('8_1_8_12', 1, 8, 12, 0, 0, 0),
('8_1_8_13', 1, 8, 13, 0, 0, 0),
('8_1_8_14', 1, 8, 14, 0, 0, 0),
('8_1_8_15', 1, 8, 15, 0, 0, 0),
('8_1_8_205', 1, 8, 205, 0, 0, 0),
('8_1_8_207', 1, 8, 207, 0, 0, 0),
('8_1_8_209', 1, 8, 209, 0, 0, 0),
('8_1_8_213', 1, 8, 213, 0, 0, 0),
('8_1_8_215', 1, 8, 215, 0, 0, 0),
('8_1_8_217', 1, 8, 217, 0, 0, 0),
('8_1_8_221', 1, 8, 221, 0, 0, 0),
('8_1_8_227', 1, 8, 227, 0, 0, 0),
('8_1_8_229', 1, 8, 229, 0, 0, 0),
('8_1_8_233', 1, 8, 233, 0, 0, 0),
('8_1_8_237', 1, 8, 237, 0, 0, 0),
('8_1_8_239', 1, 8, 239, 0, 0, 0),
('8_1_8_9', 1, 8, 9, 0, 0, 0),
('90_147_90_91', 147, 90, 91, 0, 0, 0),
('90_147_90_92', 147, 90, 92, 0, 0, 0),
('91_147_91_92', 147, 91, 92, 0, 0, 0),
('9_1_9_10', 1, 9, 10, 0, 0, 0),
('9_1_9_11', 1, 9, 11, 0, 0, 0),
('9_1_9_12', 1, 9, 12, 0, 0, 0),
('9_1_9_13', 1, 9, 13, 0, 0, 0),
('9_1_9_14', 1, 9, 14, 0, 0, 0),
('9_1_9_15', 1, 9, 15, 0, 0, 0),
('9_1_9_206', 1, 9, 206, 0, 0, 0),
('9_1_9_208', 1, 9, 208, 0, 0, 0),
('9_1_9_210', 1, 9, 210, 0, 0, 0),
('9_1_9_214', 1, 9, 214, 0, 0, 0),
('9_1_9_216', 1, 9, 216, 0, 0, 0),
('9_1_9_218', 1, 9, 218, 0, 0, 0),
('9_1_9_222', 1, 9, 222, 0, 0, 0),
('9_1_9_228', 1, 9, 228, 0, 0, 0),
('9_1_9_230', 1, 9, 230, 0, 0, 0),
('9_1_9_234', 1, 9, 234, 0, 0, 0),
('9_1_9_238', 1, 9, 238, 0, 0, 0),
('9_1_9_240', 1, 9, 240, 0, 0, 0);

-- --------------------------------------------------------

--
-- Table structure for table `institute`
--

DROP TABLE IF EXISTS `institute`;
CREATE TABLE IF NOT EXISTS `institute` (
  `institute_id` int(10) unsigned NOT NULL AUTO_INCREMENT,
  `institute_name` varchar(255) COLLATE utf8_estonian_ci NOT NULL,
  `deleted` tinyint(1) unsigned NOT NULL DEFAULT '0',
  PRIMARY KEY (`institute_id`)
) ENGINE=InnoDB  DEFAULT CHARSET=utf8 COLLATE=utf8_estonian_ci AUTO_INCREMENT=17 ;

--
-- Dumping data for table `institute`
--

INSERT INTO `institute` (`institute_id`, `institute_name`, `deleted`) VALUES
(1, 'MMI', 0),
(2, '', 0),
(3, 'teine', 0),
(4, ' asd', 0),
(5, ' ', 0),
(6, ' tere', 0),
(7, 'asd', 0),
(8, 'instituut1 alagrupp1', 0),
(9, 'instituut2', 0),
(10, 'instituut3', 0),
(11, 'instituut1  alagrupp1', 0),
(12, 'instituut1 A', 0),
(13, 'instituut1', 0),
(14, 'intituut1', 0),
(15, 'intituut2', 0),
(16, 'aaBBee', 0);

-- --------------------------------------------------------

--
-- Table structure for table `leaderboard`
--

DROP TABLE IF EXISTS `leaderboard`;
CREATE TABLE IF NOT EXISTS `leaderboard` (
  `tournament_id` int(11) NOT NULL,
  `participant_id` int(11) NOT NULL,
  `time` varchar(12) COLLATE utf8_estonian_ci DEFAULT '00:00:00.000',
  PRIMARY KEY (`participant_id`)
) ENGINE=InnoDB DEFAULT CHARSET=utf8 COLLATE=utf8_estonian_ci;

--
-- Dumping data for table `leaderboard`
--

INSERT INTO `leaderboard` (`tournament_id`, `participant_id`, `time`) VALUES
(1, 1, '00:00:00.000'),
(1, 2, '00:00:00.000'),
(1, 3, '00:00:00.000'),
(1, 4, '00:00:00.000'),
(1, 5, '00:00:00.000'),
(1, 6, '00:00:00.000'),
(1, 7, '00:00:00.000'),
(1, 8, '00:00:00.000'),
(1, 9, '00:00:00.000'),
(1, 10, '00:00:00.000'),
(1, 11, '00:00:00.000'),
(1, 12, '00:00:00.000'),
(1, 13, '00:00:00.000'),
(1, 14, '00:00:00.000'),
(1, 15, '00:00:00.000'),
(113, 21, '00:00:00.000'),
(113, 22, '00:00:00.000'),
(113, 28, '00:00:00.000'),
(113, 29, '00:00:00.000'),
(113, 30, '00:00:00.000'),
(113, 31, '00:00:00.000'),
(113, 64, '00:00:00.000'),
(113, 65, '00:00:00.000');

-- --------------------------------------------------------

--
-- Table structure for table `loser`
--

DROP TABLE IF EXISTS `loser`;
CREATE TABLE IF NOT EXISTS `loser` (
  `id` varchar(50) NOT NULL,
  `tournament_id` int(10) unsigned NOT NULL,
  `score` int(11) NOT NULL,
  `deleted` int(11) NOT NULL DEFAULT '0',
  PRIMARY KEY (`id`)
) ENGINE=InnoDB DEFAULT CHARSET=utf8;

--
-- Dumping data for table `loser`
--

INSERT INTO `loser` (`id`, `tournament_id`, `score`, `deleted`) VALUES
('113_loser_eta', 113, 5, 0),
('113_loser_theta', 113, 6, 0),
('147_loser_asd', 147, -1, 0),
('147_loser_zxc', 147, 0, 0);

-- --------------------------------------------------------

--
-- Table structure for table `participant`
--

DROP TABLE IF EXISTS `participant`;
CREATE TABLE IF NOT EXISTS `participant` (
  `participant_id` int(10) unsigned NOT NULL AUTO_INCREMENT,
  `participant_name` varchar(255) COLLATE utf8_estonian_ci NOT NULL,
  `institute_id` int(10) unsigned DEFAULT NULL,
  `pool_name` varchar(255) COLLATE utf8_estonian_ci NOT NULL DEFAULT '',
  `participant_favorite` tinyint(1) unsigned NOT NULL DEFAULT '0',
  `tournament_id` int(11) unsigned NOT NULL DEFAULT '1',
  `deleted` tinyint(1) unsigned NOT NULL DEFAULT '0',
  PRIMARY KEY (`participant_id`),
  KEY `institute_id` (`institute_id`),
  KEY `tournament_id` (`tournament_id`)
) ENGINE=InnoDB  DEFAULT CHARSET=utf8 COLLATE=utf8_estonian_ci AUTO_INCREMENT=338 ;

--
-- Dumping data for table `participant`
--

INSERT INTO `participant` (`participant_id`, `participant_name`, `institute_id`, `pool_name`, `participant_favorite`, `tournament_id`, `deleted`) VALUES
(1, 'test', 1, 'A', 0, 1, 0),
(2, 'bhgfdh', 3, 'B', 1, 1, 0),
(3, 'test', 1, 'C', 0, 1, 0),
(4, 'bhgfdh', 3, 'D', 1, 1, 0),
(5, 'test', 1, 'E', 0, 1, 0),
(6, 'bhgfdh', 3, 'F', 1, 1, 0),
(7, 'test', 1, 'A', 0, 1, 0),
(8, 'bhgfdh', 3, 'B', 1, 1, 0),
(9, 'test', 1, 'C', 0, 1, 0),
(10, 'bhgfdh', 3, 'D', 1, 1, 0),
(11, 'test', 1, 'E', 0, 1, 0),
(12, 'test', 3, 'F', 0, 1, 0),
(13, 'asd', 7, 'A', 0, 1, 0),
(14, 'asda', 2, 'B', 1, 1, 0),
(15, 'asda', 2, 'C', 1, 1, 0),
(16, 'fafa', 6, '', 0, 106, 0),
(17, 'fefe', 2, '', 0, 106, 0),
(18, 'a', 2, 'B', 0, 113, 1),
(19, 'b', 2, 'A', 0, 113, 1),
(20, 'h', 2, 'A', 0, 127, 1),
(21, 'alpha', 2, 'A', 0, 113, 0),
(22, 'beta', 2, 'B', 1, 113, 0),
(23, 'fdgdgf', 1, 'A', 0, 130, 0),
(24, 'as', 7, 'A', 0, 130, 0),
(25, 'g', 2, 'A', 1, 130, 0),
(26, 'uus', 2, 'A', 0, 130, 0),
(27, 'uus2', 2, 'A', 0, 130, 0),
(28, 'gamma', 2, 'A', 0, 113, 0),
(29, 'delta', 2, 'B', 0, 113, 0),
(30, 'epsilon', 2, 'A', 0, 113, 0),
(31, 'zeta', 2, 'B', 0, 113, 0),
(39, 'eta', 2, 'A', 0, 113, 1),
(40, 'a', 2, 'A', 0, 133, 0),
(41, 'b', 2, 'A', 0, 133, 0),
(42, 'c', 2, 'A', 1, 133, 0),
(43, 'd', 2, 'A', 0, 133, 0),
(44, 'e', 2, 'A', 1, 133, 0),
(45, 'f', 2, 'A', 0, 133, 0),
(46, 'g', 2, 'A', 0, 133, 0),
(47, 'a', 2, 'A', 0, 134, 0),
(48, 'b', 2, 'A', 0, 134, 0),
(49, 'c', 2, 'A', 0, 134, 0),
(50, 'd', 2, 'A', 0, 134, 0),
(51, 'a', 2, 'A', 0, 135, 0),
(52, 'v', 2, 'A', 0, 135, 0),
(53, 'g', 2, 'A', 0, 136, 0),
(54, 'f', 2, 'A', 0, 136, 0),
(55, 'a', 2, 'A', 0, 137, 0),
(56, 'v', 2, 'A', 0, 137, 0),
(57, 'a', 2, 'A', 0, 138, 0),
(58, 'b', 2, 'A', 0, 138, 0),
(59, 'asd', 2, 'A', 0, 143, 0),
(60, 'asf', 2, 'A', 0, 143, 0),
(61, 'a', 2, 'A', 0, 144, 0),
(62, 'asd', 2, 'A', 0, 145, 0),
(64, 'eta', 2, 'A', 0, 113, 0),
(65, 'theta', 2, 'B', 0, 113, 0),
(66, 'iota', 2, 'A', 0, 113, 1),
(67, 'kappa', 2, 'A', 0, 113, 1),
(68, 'lambda', 2, 'A', 0, 113, 1),
(69, 'mu', 2, 'A', 0, 113, 1),
(70, 'kappa', 2, 'A', 0, 113, 1),
(71, 'asd', 2, 'A', 0, 113, 1),
(72, 'dg', 2, 'A', 0, 113, 1),
(73, 'af', 2, 'A', 0, 113, 1),
(74, 'kappa', 2, 'A', 0, 113, 1),
(75, 'kappa', 2, 'A', 0, 113, 1),
(76, 'lambda', 2, 'A', 0, 113, 1),
(77, 'a', 2, 'A', 0, 113, 1),
(78, 'kappa', 2, 'A', 0, 113, 1),
(79, 'kappa', 2, 'A', 0, 113, 1),
(80, 'lambda', 2, 'A', 0, 113, 1),
(81, 'omega', 2, 'A', 0, 113, 1),
(82, 'lambda', 2, 'A', 0, 113, 1),
(83, 'a', 2, 'A', 0, 146, 0),
(84, 'b', 2, 'A', 0, 146, 0),
(85, 'c', 2, 'A', 0, 146, 0),
(86, 'd', 2, 'A', 0, 146, 0),
(87, 'e', 2, 'A', 0, 146, 1),
(88, 'e', 2, 'A', 0, 146, 0),
(89, 'asd', 2, 'A', 0, 147, 0),
(90, 'qwe', 2, 'B', 1, 147, 0),
(91, 'zxc', 2, 'A', 0, 147, 0),
(92, 'ert', 2, 'B', 0, 147, 1),
(93, 'nimi1', 8, '0', 1, 113, 1),
(94, 'nimi2', 9, 'alagrupp2', 0, 113, 1),
(95, 'nimi3', 10, 'alagrupp3', 1, 113, 1),
(96, 'nimi1', 11, '1', 1, 113, 1),
(97, 'nimi2', 9, 'alagrupp2', 1, 113, 1),
(98, 'nimi3', 10, 'alagrupp3', 1, 113, 1),
(99, 'nimi1', 12, '0', 1, 113, 0),
(100, 'nimi2', 9, 'B', 0, 113, 0),
(101, 'nimi3', 10, 'B', 1, 113, 0),
(102, 'nimi1', 13, '', 1, 113, 0),
(103, '', 2, '', 1, 113, 0),
(104, 'nimi2', 9, 'alagrupp2', 1, 113, 0),
(105, 'nimi3', 10, 'alagrupp3', 1, 113, 0),
(106, 'nimi1', 13, '', 1, 113, 0),
(107, '', 2, '', 1, 113, 0),
(108, 'nimi2', 9, 'alagrupp2', 1, 113, 0),
(109, 'nimi3', 10, 'alagrupp3', 1, 113, 0),
(110, 'nimi1', 13, '', 1, 113, 0),
(111, '', 2, '', 1, 113, 0),
(112, 'nimi2', 9, 'alagrupp2', 1, 113, 0),
(113, 'nimi3', 10, 'alagrupp3', 1, 113, 0),
(114, 'nimi1', 13, '', 1, 113, 0),
(115, '', 2, '', 1, 113, 0),
(116, 'nimi2', 9, 'alagrupp2', 1, 113, 0),
(117, 'nimi3', 10, 'alagrupp3', 1, 113, 0),
(118, 'nimi1', 13, '', 1, 113, 0),
(119, '', 2, '', 1, 113, 0),
(120, 'nimi2', 9, 'alagrupp2', 1, 113, 0),
(121, 'nimi3', 10, 'alagrupp3', 1, 113, 0),
(122, 'nimi1', 13, '', 1, 113, 0),
(123, '', 2, '', 1, 113, 0),
(124, 'nimi2', 9, 'alagrupp2', 1, 113, 0),
(125, 'nimi3', 10, 'alagrupp3', 1, 113, 0),
(126, 'nimi1', 13, '', 1, 113, 0),
(127, '', 2, '', 1, 113, 0),
(128, 'nimi2', 9, 'alagrupp2', 1, 113, 0),
(129, 'nimi3', 10, 'alagrupp3', 1, 113, 0),
(130, 'nimi1', 13, '', 1, 113, 0),
(131, '', 2, '', 1, 113, 0),
(132, 'nimi2', 9, 'alagrupp2', 1, 113, 0),
(133, 'nimi3', 10, 'alagrupp3', 1, 113, 0),
(134, 'nimi1', 13, '', 1, 113, 0),
(135, '', 2, '', 1, 113, 0),
(136, 'nimi2', 9, 'alagrupp2', 1, 113, 0),
(137, 'nimi3', 10, 'alagrupp3', 1, 113, 0),
(138, 'nimi1', 13, '', 1, 113, 0),
(139, '', 2, '', 1, 113, 0),
(140, 'nimi2', 9, 'alagrupp2', 1, 113, 0),
(141, 'nimi3', 10, 'alagrupp3', 1, 113, 0),
(142, 'nimi1', 13, '', 1, 113, 0),
(143, '', 2, '', 1, 113, 0),
(144, 'nimi2', 9, 'alagrupp2', 1, 113, 0),
(145, 'nimi3', 10, 'alagrupp3', 1, 113, 0),
(146, 'nimi1', 13, '', 1, 113, 0),
(147, '', 2, '', 1, 113, 0),
(148, 'nimi2', 9, 'alagrupp2', 1, 113, 0),
(149, 'nimi3', 10, 'alagrupp3', 1, 113, 0),
(150, 'nimi1', 13, '', 1, 113, 0),
(151, '', 2, '', 1, 113, 0),
(152, 'nimi2', 9, 'alagrupp2', 1, 113, 0),
(153, 'nimi3', 10, 'alagrupp3', 1, 113, 0),
(154, 'nimi1', 13, '', 1, 113, 0),
(155, '', 2, '', 1, 113, 0),
(156, 'nimi2', 9, 'alagrupp2', 1, 113, 0),
(157, 'nimi3', 10, 'alagrupp3', 1, 113, 0),
(158, 'nimi1', 13, '', 1, 113, 0),
(159, '', 2, '', 1, 113, 0),
(160, 'nimi2', 9, 'alagrupp2', 1, 113, 0),
(161, 'nimi3', 10, 'alagrupp3', 1, 113, 0),
(162, 'nimi1', 13, '', 1, 113, 0),
(163, '', 2, '', 1, 113, 0),
(164, 'nimi2', 9, 'alagrupp2', 1, 113, 0),
(165, 'nimi3', 10, 'alagrupp3', 1, 113, 0),
(166, 'nimi1', 13, '', 1, 113, 0),
(167, '', 2, '', 1, 113, 0),
(168, 'nimi2', 9, 'alagrupp2', 1, 113, 0),
(169, 'nimi3', 10, 'alagrupp3', 1, 113, 0),
(170, 'nimi1', 13, '', 1, 113, 0),
(171, '', 2, '', 1, 113, 0),
(172, 'nimi2', 9, 'alagrupp2', 1, 113, 0),
(173, 'nimi3', 10, 'alagrupp3', 1, 113, 0),
(174, 'nimi1', 13, '', 1, 113, 0),
(175, '', 2, '', 1, 113, 0),
(176, 'nimi2', 9, 'alagrupp2', 1, 113, 0),
(177, 'nimi3', 10, 'alagrupp3', 1, 113, 0),
(178, 'nimi1', 13, '', 1, 113, 0),
(179, '', 2, '', 1, 113, 0),
(180, 'nimi2', 9, 'alagrupp2', 1, 113, 0),
(181, 'nimi3', 10, 'alagrupp3', 1, 113, 0),
(182, 'nimi1', 13, '', 1, 113, 0),
(183, '', 2, '', 1, 113, 0),
(184, 'nimi2', 9, 'alagrupp2', 1, 113, 0),
(185, 'nimi3', 10, 'alagrupp3', 1, 113, 0),
(186, 'nimi1', 13, '', 1, 113, 0),
(187, '', 2, '', 1, 113, 0),
(188, 'nimi2', 9, 'alagrupp2', 1, 113, 0),
(189, 'nimi3', 10, 'alagrupp3', 1, 113, 0),
(190, 'nimi1', 13, '', 1, 113, 0),
(191, '', 2, '', 1, 113, 0),
(192, 'nimi2', 9, 'alagrupp2', 1, 113, 0),
(193, 'nimi3', 10, 'alagrupp3', 1, 113, 0),
(194, 'nimi1', 8, '0', 1, 113, 0),
(195, 'nimi2', 9, 'alagrupp2', 1, 113, 0),
(196, 'nimi3', 10, 'alagrupp3', 1, 113, 0),
(197, 'nimi1', 13, '', 1, 113, 0),
(198, '', 2, '', 1, 113, 0),
(199, 'nimi2', 9, 'alagrupp2', 1, 113, 0),
(200, 'nimi3', 10, 'alagrupp3', 1, 113, 0),
(201, 'nimi1', 13, '', 1, 113, 0),
(202, '', 2, '', 1, 113, 0),
(203, 'nimi2', 13, 'alagrupp2', 1, 113, 0),
(204, 'nimi3', 10, 'alagrupp3', 1, 113, 0),
(205, 'aia', 9, 'D', 0, 1, 0),
(206, 'nimi1', 13, 'E', 1, 1, 0),
(207, '', 2, 'F', 1, 1, 0),
(208, 'nimi2', 9, 'A', 1, 1, 0),
(209, 'nimi3', 10, 'B', 1, 1, 0),
(210, 'aia', 9, 'C', 1, 1, 0),
(211, 'nimi3', 10, 'D', 1, 1, 0),
(212, 'nimi2', 9, 'E', 1, 1, 0),
(213, 'nimi3', 10, 'F', 1, 1, 0),
(214, 'nimi1', 13, 'A', 1, 1, 0),
(215, '', 2, 'B', 1, 1, 0),
(216, 'nimi2', 9, 'C', 1, 1, 0),
(217, 'nimi3', 10, 'D', 1, 1, 0),
(218, 'nimi1', 13, 'E', 1, 1, 0),
(219, '', 2, 'F', 1, 1, 0),
(220, 'nimi2', 9, 'A', 1, 1, 0),
(221, 'nimi3', 10, 'B', 1, 1, 0),
(222, 'nimi1', 13, 'C', 1, 1, 0),
(223, '', 2, 'D', 1, 1, 0),
(224, 'nimi2', 9, 'E', 1, 1, 0),
(225, 'nimi3', 10, 'F', 1, 1, 0),
(226, 'nimi1', 13, 'A', 1, 1, 0),
(227, '', 2, 'B', 1, 1, 0),
(228, 'nimi2', 9, 'C', 1, 1, 0),
(229, 'nimi3', 10, 'D', 1, 1, 0),
(230, 'impro', 9, 'E', 1, 1, 0),
(231, 'nimi3', 10, 'F', 1, 1, 0),
(232, 'nimi2', 9, 'A', 1, 1, 0),
(233, 'nimi3', 10, 'B', 1, 1, 0),
(234, 'nimi1', 13, 'C', 1, 1, 0),
(235, '', 2, 'D', 1, 1, 0),
(236, 'nimi2', 9, 'E', 1, 1, 0),
(237, 'nimi3', 10, 'F', 1, 1, 0),
(238, 'nimi1', 13, 'A', 1, 1, 0),
(239, '', 2, 'B', 1, 1, 0),
(240, 'nimi2', 9, 'C', 1, 1, 0),
(241, 'nimi3', 10, 'D', 1, 1, 0),
(242, 'aiaa2', 9, 'E', 1, 1, 0),
(243, 'nimi3', 10, 'F', 1, 1, 0),
(244, 'aia', 1, 'A', 0, 146, 0),
(245, 'jee', 1, 'A', 0, 146, 0),
(246, 'ummmmm', 9, 'A', 0, 146, 0),
(247, 'kkkii', 1, 'A', 0, 146, 0),
(248, 'aia', 2, 'A', 0, 149, 0),
(249, 'papaia', 2, 'A', 0, 149, 0),
(250, 'jhb', 2, 'A', 0, 149, 0),
(251, 'bhuhb', 2, 'A', 0, 149, 0),
(252, 'h', 2, 'A', 0, 149, 0),
(253, 'af', 2, 'A', 0, 1, 0),
(254, 'qwr', 2, 'B', 0, 1, 0),
(255, 'qrw', 2, 'C', 0, 1, 0),
(256, 'nimi1', 13, '', 1, 147, 1),
(257, '', 2, '', 1, 147, 1),
(258, 'nimi2', 9, 'alagrupp2', 1, 147, 1),
(259, 'nimi3', 10, 'alagrupp3', 1, 147, 1),
(260, 'nimi1', 13, '', 1, 147, 1),
(261, '', 2, '', 1, 147, 1),
(262, 'nimi2', 9, 'alagrupp2', 1, 147, 1),
(263, 'nimi3', 10, 'alagrupp3', 1, 147, 1),
(264, 'nimi1', 13, '', 0, 147, 1),
(265, '', 2, '', 1, 147, 1),
(266, 'nimi2', 9, 'alagrupp2', 0, 147, 1),
(267, 'nimi3', 10, 'alagrupp3', 1, 147, 1),
(268, 'nimi1', 8, '0', 0, 147, 1),
(269, 'nimi2', 9, 'alagrupp2', 0, 147, 1),
(270, 'nimi3', 10, 'alagrupp3', 1, 147, 1),
(271, 'nimi1', 14, 'A', 0, 147, 1),
(272, 'nimi2', 15, 'A', 1, 147, 1),
(273, '', 2, '', 0, 147, 1),
(274, 'nimi1', 13, '', 0, 147, 1),
(275, '', 2, '', 1, 147, 1),
(276, 'nimi2', 9, 'alagrupp2', 0, 147, 1),
(277, 'nimi3', 10, 'alagrupp3', 1, 147, 1),
(278, 'nimi1', 14, 'A', 0, 147, 1),
(279, 'nimi2', 15, 'A', 1, 147, 1),
(280, '', 2, '', 0, 147, 1),
(281, '', 2, '', 0, 147, 1),
(282, '', 2, '', 0, 147, 1),
(283, '', 2, '', 0, 147, 1),
(284, '', 2, '', 0, 147, 1),
(285, '', 2, '', 0, 147, 1),
(286, '', 2, '', 0, 147, 1),
(287, '', 2, '', 0, 147, 1),
(288, 'nimi1', 14, 'A', 0, 147, 1),
(289, 'nimi2', 15, 'A', 1, 147, 1),
(290, 'aaaa', 2, '', 0, 147, 1),
(291, 'nimi1', 16, 'A', 0, 147, 1),
(292, 'nimi2', 15, 'A', 1, 147, 1),
(293, '', NULL, '', 0, 147, 1),
(294, '', NULL, '', 0, 147, 1),
(295, '', NULL, '', 0, 147, 1),
(296, '', NULL, '', 0, 147, 1),
(297, 'a', NULL, '', 0, 147, 1),
(298, '', NULL, '', 0, 147, 1),
(299, '', NULL, '', 0, 147, 1),
(300, '', NULL, '', 0, 147, 1),
(301, 'a', NULL, '', 0, 147, 1),
(302, '', NULL, '', 0, 147, 1),
(303, '', NULL, '', 0, 147, 1),
(304, '0', NULL, '', 0, 147, 1),
(305, '', NULL, '', 0, 147, 1),
(306, '', NULL, '', 0, 147, 1),
(307, '0', NULL, '', 0, 147, 1),
(308, '', NULL, '', 0, 147, 1),
(309, 'a', NULL, '', 0, 147, 1),
(310, '', NULL, '', 0, 147, 1),
(311, 'a', NULL, '', 0, 147, 1),
(312, '', NULL, '', 0, 147, 1),
(313, 'a', NULL, '', 0, 147, 1),
(314, 'nimi1', 13, '', 0, 147, 1),
(315, '', 2, '', 1, 147, 1),
(316, 'nimi2', 9, 'alagrupp2', 0, 147, 1),
(317, 'nimi3', 10, 'alagrupp3', 1, 147, 1),
(318, 'nimi1', 13, '', 0, 147, 1),
(319, '', 2, '', 1, 147, 1),
(320, 'nimi2', 9, 'alagrupp2', 0, 147, 1),
(321, 'nimi3', 10, 'alagrupp3', 1, 147, 1),
(322, 'nimi1', 13, '', 0, 147, 1),
(323, '', 2, '', 1, 147, 1),
(324, 'nimi2', 9, 'alagrupp2', 0, 147, 1),
(325, 'nimi3', 10, 'alagrupp3', 1, 147, 1),
(326, 'afs', 2, 'A', 0, 2, 0),
(327, 'asfafs', 2, 'A', 0, 2, 0),
(328, 'nimi1', 13, '', 0, 2, 0),
(329, '', 2, '', 1, 2, 0),
(330, 'nimi2', 9, 'alagrupp2', 0, 2, 0),
(331, 'nimi3', 10, 'alagrupp3', 1, 2, 0),
(332, 'nimi1', 13, '', 0, 2, 0),
(333, '', 2, '', 1, 2, 0),
(334, 'nimi2', 9, 'alagrupp2', 0, 2, 0),
(335, 'nimi3', 10, 'alagrupp3', 1, 2, 0),
(336, 'tanel aa a 1', NULL, '', 0, 2, 0),
(337, '', NULL, '', 0, 2, 0);

-- --------------------------------------------------------

--
-- Table structure for table `place`
--

DROP TABLE IF EXISTS `place`;
CREATE TABLE IF NOT EXISTS `place` (
  `place_id` int(10) unsigned NOT NULL AUTO_INCREMENT,
  `place_name` varchar(100) COLLATE utf8_estonian_ci NOT NULL,
  `place_deleted` int(1) NOT NULL DEFAULT '0',
  PRIMARY KEY (`place_id`)
) ENGINE=InnoDB  DEFAULT CHARSET=utf8 COLLATE=utf8_estonian_ci AUTO_INCREMENT=6 ;

--
-- Dumping data for table `place`
--

INSERT INTO `place` (`place_id`, `place_name`, `place_deleted`) VALUES
(1, 'Torn', 0),
(2, 'Spordisaal', 0),
(3, '', 0),
(4, 'ddfddddddddddddddddddddddddddddddddddddddddddddddddddddddddddddddddddddddddddddddddddddddddddddddddd', 0),
(5, 'afs', 0);

-- --------------------------------------------------------

--
-- Table structure for table `playoff`
--

DROP TABLE IF EXISTS `playoff`;
CREATE TABLE IF NOT EXISTS `playoff` (
  `id` varchar(50) NOT NULL,
  `score` smallint(6) NOT NULL,
  `tournament_id` int(10) unsigned NOT NULL,
  `deleted` tinyint(4) unsigned NOT NULL DEFAULT '0',
  PRIMARY KEY (`id`),
  KEY `tournament_id` (`tournament_id`)
) ENGINE=InnoDB DEFAULT CHARSET=utf8;

--
-- Dumping data for table `playoff`
--

INSERT INTO `playoff` (`id`, `score`, `tournament_id`, `deleted`) VALUES
('0_existing_participant1', 0, 1, 0),
('0_existing_participant10', 0, 1, 0),
('0_existing_participant11', 0, 1, 0),
('0_existing_participant12', 0, 1, 0),
('0_existing_participant13', 0, 1, 0),
('0_existing_participant14', 0, 1, 0),
('0_existing_participant15', 0, 1, 0),
('0_existing_participant2', 0, 1, 0),
('0_existing_participant21', 3, 113, 0),
('0_existing_participant22', 0, 113, 0),
('0_existing_participant244', 0, 146, 0),
('0_existing_participant245', 0, 146, 0),
('0_existing_participant246', 0, 146, 0),
('0_existing_participant248', 0, 149, 0),
('0_existing_participant249', 0, 149, 0),
('0_existing_participant250', 0, 149, 0),
('0_existing_participant251', 0, 149, 0),
('0_existing_participant252', 0, 149, 0),
('0_existing_participant256', 0, 147, 0),
('0_existing_participant257', 0, 147, 0),
('0_existing_participant258', 0, 147, 0),
('0_existing_participant259', 0, 147, 0),
('0_existing_participant260', 0, 147, 0),
('0_existing_participant261', 0, 147, 0),
('0_existing_participant262', 0, 147, 0),
('0_existing_participant263', 0, 147, 0),
('0_existing_participant264', 0, 147, 0),
('0_existing_participant265', 0, 147, 0),
('0_existing_participant266', 0, 147, 0),
('0_existing_participant267', 0, 147, 0),
('0_existing_participant268', 0, 147, 0),
('0_existing_participant269', 0, 147, 0),
('0_existing_participant270', 0, 147, 0),
('0_existing_participant271', 0, 147, 0),
('0_existing_participant272', 0, 147, 0),
('0_existing_participant273', 0, 147, 0),
('0_existing_participant274', 0, 147, 0),
('0_existing_participant275', 0, 147, 0),
('0_existing_participant276', 0, 147, 0),
('0_existing_participant277', 0, 147, 0),
('0_existing_participant278', 0, 147, 0),
('0_existing_participant279', 0, 147, 0),
('0_existing_participant28', 2, 113, 0),
('0_existing_participant280', 0, 147, 0),
('0_existing_participant281', 0, 147, 0),
('0_existing_participant282', 0, 147, 0),
('0_existing_participant283', 0, 147, 0),
('0_existing_participant284', 0, 147, 0),
('0_existing_participant285', 0, 147, 0),
('0_existing_participant286', 0, 147, 0),
('0_existing_participant287', 0, 147, 0),
('0_existing_participant288', 0, 147, 0),
('0_existing_participant289', 0, 147, 0),
('0_existing_participant29', 1, 113, 0),
('0_existing_participant290', 0, 147, 0),
('0_existing_participant291', 0, 147, 0),
('0_existing_participant292', 0, 147, 0),
('0_existing_participant293', 0, 147, 0),
('0_existing_participant294', 0, 147, 0),
('0_existing_participant295', 0, 147, 0),
('0_existing_participant296', 0, 147, 0),
('0_existing_participant297', 0, 147, 0),
('0_existing_participant298', 0, 147, 0),
('0_existing_participant299', 0, 147, 0),
('0_existing_participant3', 0, 1, 0),
('0_existing_participant30', 4, 113, 0),
('0_existing_participant300', 0, 147, 0),
('0_existing_participant301', 0, 147, 0),
('0_existing_participant302', 0, 147, 0),
('0_existing_participant303', 0, 147, 0),
('0_existing_participant304', 0, 147, 0),
('0_existing_participant305', 0, 147, 0),
('0_existing_participant306', 0, 147, 0),
('0_existing_participant307', 0, 147, 0),
('0_existing_participant308', 0, 147, 0),
('0_existing_participant309', 0, 147, 0),
('0_existing_participant31', 0, 113, 0),
('0_existing_participant310', 0, 147, 0),
('0_existing_participant311', 0, 147, 0),
('0_existing_participant312', 0, 147, 0),
('0_existing_participant313', 0, 147, 0),
('0_existing_participant326', 0, 2, 0),
('0_existing_participant327', 0, 2, 0),
('0_existing_participant4', 0, 1, 0),
('0_existing_participant5', 0, 1, 0),
('0_existing_participant6', 0, 1, 0),
('0_existing_participant64', 2, 113, 0),
('0_existing_participant65', 2, 113, 0),
('0_existing_participant7', 0, 1, 0),
('0_existing_participant8', 0, 1, 0),
('0_existing_participant82', 0, 113, 0),
('0_existing_participant83', 1, 146, 0),
('0_existing_participant84', 3, 146, 0),
('0_existing_participant85', 2, 146, 0),
('0_existing_participant86', 0, 146, 0),
('0_existing_participant88', 0, 146, 0),
('0_existing_participant89', 1, 147, 0),
('0_existing_participant9', 0, 1, 0),
('0_existing_participant90', 1, 147, 0),
('0_existing_participant91', 0, 147, 0),
('0_existing_participant92', 2, 147, 0),
('1_existing_participant1', 0, 1, 0),
('1_existing_participant10', 0, 1, 0),
('1_existing_participant11', 0, 1, 0),
('1_existing_participant12', 0, 1, 0),
('1_existing_participant13', 0, 1, 0),
('1_existing_participant14', 0, 1, 0),
('1_existing_participant15', 0, 1, 0),
('1_existing_participant2', 0, 1, 0),
('1_existing_participant21', 3, 113, 0),
('1_existing_participant22', 0, 113, 0),
('1_existing_participant244', 0, 146, 0),
('1_existing_participant245', 0, 146, 0),
('1_existing_participant246', 0, 146, 0),
('1_existing_participant248', 0, 149, 0),
('1_existing_participant249', 0, 149, 0),
('1_existing_participant250', 0, 149, 0),
('1_existing_participant251', 0, 149, 0),
('1_existing_participant252', 0, 149, 0),
('1_existing_participant256', 0, 147, 0),
('1_existing_participant257', 0, 147, 0),
('1_existing_participant258', 0, 147, 0),
('1_existing_participant259', 0, 147, 0),
('1_existing_participant260', 0, 147, 0),
('1_existing_participant261', 0, 147, 0),
('1_existing_participant262', 0, 147, 0),
('1_existing_participant263', 0, 147, 0),
('1_existing_participant264', 0, 147, 0),
('1_existing_participant265', 0, 147, 0),
('1_existing_participant266', 0, 147, 0),
('1_existing_participant267', 0, 147, 0),
('1_existing_participant268', 0, 147, 0),
('1_existing_participant269', 0, 147, 0),
('1_existing_participant270', 0, 147, 0),
('1_existing_participant271', 0, 147, 0),
('1_existing_participant272', 0, 147, 0),
('1_existing_participant273', 0, 147, 0),
('1_existing_participant274', 0, 147, 0),
('1_existing_participant275', 0, 147, 0),
('1_existing_participant276', 0, 147, 0),
('1_existing_participant277', 0, 147, 0),
('1_existing_participant278', 0, 147, 0),
('1_existing_participant279', 0, 147, 0),
('1_existing_participant28', 6, 113, 0),
('1_existing_participant280', 0, 147, 0),
('1_existing_participant281', 0, 147, 0),
('1_existing_participant282', 0, 147, 0),
('1_existing_participant283', 0, 147, 0),
('1_existing_participant284', 0, 147, 0),
('1_existing_participant285', 0, 147, 0),
('1_existing_participant286', 0, 147, 0),
('1_existing_participant287', 0, 147, 0),
('1_existing_participant288', 0, 147, 0),
('1_existing_participant289', 0, 147, 0),
('1_existing_participant29', 2, 113, 0),
('1_existing_participant290', 0, 147, 0),
('1_existing_participant291', 0, 147, 0),
('1_existing_participant292', 0, 147, 0),
('1_existing_participant293', 0, 147, 0),
('1_existing_participant294', 0, 147, 0),
('1_existing_participant295', 0, 147, 0),
('1_existing_participant296', 0, 147, 0),
('1_existing_participant297', 0, 147, 0),
('1_existing_participant298', 0, 147, 0),
('1_existing_participant299', 0, 147, 0),
('1_existing_participant3', 0, 1, 0),
('1_existing_participant30', 4, 113, 0),
('1_existing_participant300', 0, 147, 0),
('1_existing_participant301', 0, 147, 0),
('1_existing_participant302', 0, 147, 0),
('1_existing_participant303', 0, 147, 0),
('1_existing_participant304', 0, 147, 0),
('1_existing_participant305', 0, 147, 0),
('1_existing_participant306', 0, 147, 0),
('1_existing_participant307', 0, 147, 0),
('1_existing_participant308', 0, 147, 0),
('1_existing_participant309', 0, 147, 0),
('1_existing_participant31', 0, 113, 0),
('1_existing_participant310', 0, 147, 0),
('1_existing_participant311', 0, 147, 0),
('1_existing_participant312', 0, 147, 0),
('1_existing_participant313', 0, 147, 0),
('1_existing_participant326', 0, 2, 0),
('1_existing_participant327', 0, 2, 0),
('1_existing_participant4', 0, 1, 0),
('1_existing_participant5', 0, 1, 0),
('1_existing_participant6', 0, 1, 0),
('1_existing_participant64', 2, 113, 0),
('1_existing_participant65', 1, 113, 0),
('1_existing_participant7', 0, 1, 0),
('1_existing_participant8', 0, 1, 0),
('1_existing_participant82', 0, 113, 0),
('1_existing_participant83', 4, 146, 0),
('1_existing_participant84', 3, 146, 0),
('1_existing_participant85', 1, 146, 0),
('1_existing_participant86', 1, 146, 0),
('1_existing_participant88', 2, 146, 0),
('1_existing_participant89', 2, 147, 0),
('1_existing_participant9', 0, 1, 0),
('1_existing_participant90', 1, 147, 0),
('1_existing_participant91', 0, 147, 0),
('1_existing_participant92', 2, 147, 0),
('2_existing_participant1', 0, 1, 0),
('2_existing_participant10', 0, 1, 0),
('2_existing_participant11', 0, 1, 0),
('2_existing_participant12', 0, 1, 0),
('2_existing_participant13', 0, 1, 0),
('2_existing_participant14', 0, 1, 0),
('2_existing_participant15', 0, 1, 0),
('2_existing_participant2', 0, 1, 0),
('2_existing_participant21', 5, 113, 0),
('2_existing_participant22', 0, 113, 0),
('2_existing_participant244', 0, 146, 0),
('2_existing_participant245', 0, 146, 0),
('2_existing_participant246', 0, 146, 0),
('2_existing_participant248', 0, 149, 0),
('2_existing_participant249', 0, 149, 0),
('2_existing_participant250', 0, 149, 0),
('2_existing_participant251', 0, 149, 0),
('2_existing_participant252', 0, 149, 0),
('2_existing_participant256', 0, 147, 0),
('2_existing_participant257', 0, 147, 0),
('2_existing_participant258', 0, 147, 0),
('2_existing_participant259', 0, 147, 0),
('2_existing_participant260', 0, 147, 0),
('2_existing_participant261', 0, 147, 0),
('2_existing_participant262', 0, 147, 0),
('2_existing_participant263', 0, 147, 0),
('2_existing_participant264', 0, 147, 0),
('2_existing_participant265', 0, 147, 0),
('2_existing_participant266', 0, 147, 0),
('2_existing_participant267', 0, 147, 0),
('2_existing_participant268', 0, 147, 0),
('2_existing_participant269', 0, 147, 0),
('2_existing_participant270', 0, 147, 0),
('2_existing_participant271', 0, 147, 0),
('2_existing_participant272', 0, 147, 0),
('2_existing_participant273', 0, 147, 0),
('2_existing_participant274', 0, 147, 0),
('2_existing_participant275', 0, 147, 0),
('2_existing_participant276', 0, 147, 0),
('2_existing_participant277', 0, 147, 0),
('2_existing_participant278', 0, 147, 0),
('2_existing_participant279', 0, 147, 0),
('2_existing_participant28', 6, 113, 0),
('2_existing_participant280', 0, 147, 0),
('2_existing_participant281', 0, 147, 0),
('2_existing_participant282', 0, 147, 0),
('2_existing_participant283', 0, 147, 0),
('2_existing_participant284', 0, 147, 0),
('2_existing_participant285', 0, 147, 0),
('2_existing_participant286', 0, 147, 0),
('2_existing_participant287', 0, 147, 0),
('2_existing_participant288', 0, 147, 0),
('2_existing_participant289', 0, 147, 0),
('2_existing_participant29', 5, 113, 0),
('2_existing_participant290', 0, 147, 0),
('2_existing_participant291', 0, 147, 0),
('2_existing_participant292', 0, 147, 0),
('2_existing_participant293', 0, 147, 0),
('2_existing_participant294', 0, 147, 0),
('2_existing_participant295', 0, 147, 0),
('2_existing_participant296', 0, 147, 0),
('2_existing_participant297', 0, 147, 0),
('2_existing_participant298', 0, 147, 0),
('2_existing_participant299', 0, 147, 0),
('2_existing_participant3', 0, 1, 0),
('2_existing_participant30', 0, 113, 0),
('2_existing_participant300', 0, 147, 0),
('2_existing_participant301', 0, 147, 0),
('2_existing_participant302', 0, 147, 0),
('2_existing_participant303', 0, 147, 0),
('2_existing_participant304', 0, 147, 0),
('2_existing_participant305', 0, 147, 0),
('2_existing_participant306', 0, 147, 0),
('2_existing_participant307', 0, 147, 0),
('2_existing_participant308', 0, 147, 0),
('2_existing_participant309', 0, 147, 0),
('2_existing_participant31', 5, 113, 0),
('2_existing_participant310', 0, 147, 0),
('2_existing_participant311', 0, 147, 0),
('2_existing_participant312', 0, 147, 0),
('2_existing_participant313', 0, 147, 0),
('2_existing_participant4', 0, 1, 0),
('2_existing_participant5', 0, 1, 0),
('2_existing_participant6', 0, 1, 0),
('2_existing_participant64', 13, 113, 0),
('2_existing_participant65', 0, 113, 0),
('2_existing_participant7', 0, 1, 0),
('2_existing_participant8', 0, 1, 0),
('2_existing_participant82', 1, 113, 0),
('2_existing_participant83', 4, 146, 0),
('2_existing_participant84', 2, 146, 0),
('2_existing_participant85', 0, 146, 0),
('2_existing_participant86', 3, 146, 0),
('2_existing_participant88', 3, 146, 0),
('2_existing_participant89', 0, 147, 0),
('2_existing_participant9', 0, 1, 0),
('2_existing_participant90', 0, 147, 0),
('2_existing_participant91', 0, 147, 0),
('2_existing_participant92', 0, 147, 0),
('3_existing_participant1', 0, 1, 0),
('3_existing_participant10', 0, 1, 0),
('3_existing_participant11', 0, 1, 0),
('3_existing_participant12', 0, 1, 0),
('3_existing_participant13', 0, 1, 0),
('3_existing_participant14', 0, 1, 0),
('3_existing_participant15', 0, 1, 0),
('3_existing_participant2', 0, 1, 0),
('3_existing_participant21', 0, 113, 0),
('3_existing_participant22', 2, 113, 0),
('3_existing_participant244', 0, 146, 0),
('3_existing_participant245', 0, 146, 0),
('3_existing_participant246', 0, 146, 0),
('3_existing_participant248', 0, 149, 0),
('3_existing_participant249', 0, 149, 0),
('3_existing_participant250', 0, 149, 0),
('3_existing_participant251', 0, 149, 0),
('3_existing_participant252', 0, 149, 0),
('3_existing_participant256', 0, 147, 0),
('3_existing_participant257', 0, 147, 0),
('3_existing_participant258', 0, 147, 0),
('3_existing_participant259', 0, 147, 0),
('3_existing_participant260', 0, 147, 0),
('3_existing_participant261', 0, 147, 0),
('3_existing_participant262', 0, 147, 0),
('3_existing_participant263', 0, 147, 0),
('3_existing_participant264', 0, 147, 0),
('3_existing_participant265', 0, 147, 0),
('3_existing_participant266', 0, 147, 0),
('3_existing_participant267', 0, 147, 0),
('3_existing_participant268', 0, 147, 0),
('3_existing_participant269', 0, 147, 0),
('3_existing_participant270', 0, 147, 0),
('3_existing_participant271', 0, 147, 0),
('3_existing_participant272', 0, 147, 0),
('3_existing_participant273', 0, 147, 0),
('3_existing_participant274', 0, 147, 0),
('3_existing_participant275', 0, 147, 0),
('3_existing_participant276', 0, 147, 0),
('3_existing_participant277', 0, 147, 0),
('3_existing_participant278', 0, 147, 0),
('3_existing_participant279', 0, 147, 0),
('3_existing_participant28', 2, 113, 0),
('3_existing_participant280', 0, 147, 0),
('3_existing_participant281', 0, 147, 0),
('3_existing_participant282', 0, 147, 0),
('3_existing_participant283', 0, 147, 0),
('3_existing_participant284', 0, 147, 0),
('3_existing_participant285', 0, 147, 0),
('3_existing_participant286', 0, 147, 0),
('3_existing_participant287', 0, 147, 0),
('3_existing_participant288', 0, 147, 0),
('3_existing_participant289', 0, 147, 0),
('3_existing_participant29', 0, 113, 0),
('3_existing_participant290', 0, 147, 0),
('3_existing_participant291', 0, 147, 0),
('3_existing_participant292', 0, 147, 0),
('3_existing_participant293', 0, 147, 0),
('3_existing_participant294', 0, 147, 0),
('3_existing_participant295', 0, 147, 0),
('3_existing_participant296', 0, 147, 0),
('3_existing_participant297', 0, 147, 0),
('3_existing_participant298', 0, 147, 0),
('3_existing_participant299', 0, 147, 0),
('3_existing_participant3', 0, 1, 0),
('3_existing_participant30', 0, 113, 0),
('3_existing_participant300', 0, 147, 0),
('3_existing_participant301', 0, 147, 0),
('3_existing_participant302', 0, 147, 0),
('3_existing_participant303', 0, 147, 0),
('3_existing_participant304', 0, 147, 0),
('3_existing_participant305', 0, 147, 0),
('3_existing_participant306', 0, 147, 0),
('3_existing_participant307', 0, 147, 0),
('3_existing_participant308', 0, 147, 0),
('3_existing_participant309', 0, 147, 0),
('3_existing_participant31', 3, 113, 0),
('3_existing_participant310', 0, 147, 0),
('3_existing_participant311', 0, 147, 0),
('3_existing_participant312', 0, 147, 0),
('3_existing_participant313', 0, 147, 0),
('3_existing_participant4', 0, 1, 0),
('3_existing_participant5', 0, 1, 0),
('3_existing_participant6', 0, 1, 0),
('3_existing_participant64', 2, 113, 0),
('3_existing_participant65', 0, 113, 0),
('3_existing_participant7', 0, 1, 0),
('3_existing_participant8', 0, 1, 0),
('3_existing_participant82', 0, 113, 0),
('3_existing_participant83', 0, 146, 0),
('3_existing_participant84', 0, 146, 0),
('3_existing_participant85', 0, 146, 0),
('3_existing_participant86', 0, 146, 0),
('3_existing_participant88', 0, 146, 0),
('3_existing_participant89', 0, 147, 0),
('3_existing_participant9', 0, 1, 0),
('3_existing_participant90', 0, 147, 0),
('3_existing_participant91', 0, 147, 0),
('3_existing_participant92', 0, 147, 0),
('4_existing_participant1', 0, 1, 0),
('4_existing_participant10', 0, 1, 0),
('4_existing_participant11', 0, 1, 0),
('4_existing_participant12', 0, 1, 0),
('4_existing_participant13', 0, 1, 0),
('4_existing_participant14', 0, 1, 0),
('4_existing_participant15', 0, 1, 0),
('4_existing_participant2', 0, 1, 0),
('4_existing_participant21', 0, 113, 0),
('4_existing_participant22', 0, 113, 0),
('4_existing_participant256', 0, 147, 0),
('4_existing_participant257', 0, 147, 0),
('4_existing_participant258', 0, 147, 0),
('4_existing_participant259', 0, 147, 0),
('4_existing_participant260', 0, 147, 0),
('4_existing_participant261', 0, 147, 0),
('4_existing_participant262', 0, 147, 0),
('4_existing_participant263', 0, 147, 0),
('4_existing_participant264', 0, 147, 0),
('4_existing_participant265', 0, 147, 0),
('4_existing_participant266', 0, 147, 0),
('4_existing_participant267', 0, 147, 0),
('4_existing_participant268', 0, 147, 0),
('4_existing_participant269', 0, 147, 0),
('4_existing_participant270', 0, 147, 0),
('4_existing_participant271', 0, 147, 0),
('4_existing_participant272', 0, 147, 0),
('4_existing_participant273', 0, 147, 0),
('4_existing_participant274', 0, 147, 0),
('4_existing_participant275', 0, 147, 0),
('4_existing_participant276', 0, 147, 0),
('4_existing_participant277', 0, 147, 0),
('4_existing_participant278', 0, 147, 0),
('4_existing_participant279', 0, 147, 0),
('4_existing_participant28', 0, 113, 0),
('4_existing_participant280', 0, 147, 0),
('4_existing_participant281', 0, 147, 0),
('4_existing_participant282', 0, 147, 0),
('4_existing_participant283', 0, 147, 0),
('4_existing_participant284', 0, 147, 0),
('4_existing_participant285', 0, 147, 0),
('4_existing_participant286', 0, 147, 0),
('4_existing_participant287', 0, 147, 0),
('4_existing_participant288', 0, 147, 0),
('4_existing_participant289', 0, 147, 0),
('4_existing_participant29', 0, 113, 0),
('4_existing_participant290', 0, 147, 0),
('4_existing_participant291', 0, 147, 0),
('4_existing_participant292', 0, 147, 0),
('4_existing_participant293', 0, 147, 0),
('4_existing_participant294', 0, 147, 0),
('4_existing_participant295', 0, 147, 0),
('4_existing_participant296', 0, 147, 0),
('4_existing_participant297', 0, 147, 0),
('4_existing_participant298', 0, 147, 0),
('4_existing_participant299', 0, 147, 0),
('4_existing_participant3', 0, 1, 0),
('4_existing_participant30', 0, 113, 0),
('4_existing_participant300', 0, 147, 0),
('4_existing_participant301', 0, 147, 0),
('4_existing_participant302', 0, 147, 0),
('4_existing_participant303', 0, 147, 0),
('4_existing_participant304', 0, 147, 0),
('4_existing_participant305', 0, 147, 0),
('4_existing_participant306', 0, 147, 0),
('4_existing_participant307', 0, 147, 0),
('4_existing_participant308', 0, 147, 0),
('4_existing_participant309', 0, 147, 0),
('4_existing_participant31', 0, 113, 0),
('4_existing_participant310', 0, 147, 0),
('4_existing_participant311', 0, 147, 0),
('4_existing_participant312', 0, 147, 0),
('4_existing_participant313', 0, 147, 0),
('4_existing_participant4', 0, 1, 0),
('4_existing_participant5', 0, 1, 0),
('4_existing_participant6', 0, 1, 0),
('4_existing_participant64', 0, 113, 0),
('4_existing_participant65', 0, 113, 0),
('4_existing_participant7', 0, 1, 0),
('4_existing_participant8', 0, 1, 0),
('4_existing_participant82', 0, 113, 0),
('4_existing_participant89', 0, 147, 0),
('4_existing_participant9', 0, 1, 0),
('4_existing_participant90', 0, 147, 0),
('4_existing_participant91', 0, 147, 0),
('4_existing_participant92', 0, 147, 0),
('5_existing_participant256', 0, 147, 0),
('5_existing_participant257', 0, 147, 0),
('5_existing_participant258', 0, 147, 0),
('5_existing_participant259', 0, 147, 0),
('5_existing_participant260', 0, 147, 0),
('5_existing_participant261', 0, 147, 0),
('5_existing_participant262', 0, 147, 0),
('5_existing_participant263', 0, 147, 0),
('5_existing_participant264', 0, 147, 0),
('5_existing_participant265', 0, 147, 0),
('5_existing_participant266', 0, 147, 0),
('5_existing_participant267', 0, 147, 0),
('5_existing_participant268', 0, 147, 0),
('5_existing_participant269', 0, 147, 0),
('5_existing_participant270', 0, 147, 0),
('5_existing_participant271', 0, 147, 0),
('5_existing_participant272', 0, 147, 0),
('5_existing_participant273', 0, 147, 0),
('5_existing_participant274', 0, 147, 0),
('5_existing_participant275', 0, 147, 0),
('5_existing_participant276', 0, 147, 0),
('5_existing_participant277', 0, 147, 0),
('5_existing_participant278', 0, 147, 0),
('5_existing_participant279', 0, 147, 0),
('5_existing_participant280', 0, 147, 0),
('5_existing_participant281', 0, 147, 0),
('5_existing_participant282', 0, 147, 0),
('5_existing_participant283', 0, 147, 0),
('5_existing_participant284', 0, 147, 0),
('5_existing_participant285', 0, 147, 0),
('5_existing_participant286', 0, 147, 0),
('5_existing_participant287', 0, 147, 0),
('5_existing_participant288', 0, 147, 0),
('5_existing_participant289', 0, 147, 0),
('5_existing_participant290', 0, 147, 0),
('5_existing_participant291', 0, 147, 0),
('5_existing_participant292', 0, 147, 0),
('5_existing_participant293', 0, 147, 0),
('5_existing_participant294', 0, 147, 0),
('5_existing_participant295', 0, 147, 0),
('5_existing_participant296', 0, 147, 0),
('5_existing_participant297', 0, 147, 0),
('5_existing_participant298', 0, 147, 0),
('5_existing_participant299', 0, 147, 0),
('5_existing_participant300', 0, 147, 0),
('5_existing_participant301', 0, 147, 0),
('5_existing_participant302', 0, 147, 0),
('5_existing_participant303', 0, 147, 0),
('5_existing_participant304', 0, 147, 0),
('5_existing_participant305', 0, 147, 0),
('5_existing_participant306', 0, 147, 0),
('5_existing_participant307', 0, 147, 0),
('5_existing_participant308', 0, 147, 0),
('5_existing_participant309', 0, 147, 0),
('5_existing_participant310', 0, 147, 0),
('5_existing_participant311', 0, 147, 0),
('5_existing_participant312', 0, 147, 0),
('5_existing_participant313', 0, 147, 0),
('5_existing_participant89', 0, 147, 0),
('5_existing_participant90', 0, 147, 0),
('5_existing_participant91', 0, 147, 0),
('5_existing_participant92', 0, 147, 0),
('6_existing_participant256', 0, 147, 0),
('6_existing_participant257', 0, 147, 0),
('6_existing_participant258', 0, 147, 0),
('6_existing_participant259', 0, 147, 0),
('6_existing_participant260', 0, 147, 0),
('6_existing_participant261', 0, 147, 0),
('6_existing_participant262', 0, 147, 0),
('6_existing_participant263', 0, 147, 0),
('6_existing_participant264', 0, 147, 0),
('6_existing_participant265', 0, 147, 0),
('6_existing_participant266', 0, 147, 0),
('6_existing_participant267', 0, 147, 0),
('6_existing_participant268', 0, 147, 0),
('6_existing_participant269', 0, 147, 0),
('6_existing_participant270', 0, 147, 0),
('6_existing_participant271', 0, 147, 0),
('6_existing_participant272', 0, 147, 0),
('6_existing_participant273', 0, 147, 0),
('6_existing_participant274', 0, 147, 0),
('6_existing_participant275', 0, 147, 0),
('6_existing_participant276', 0, 147, 0),
('6_existing_participant277', 0, 147, 0),
('6_existing_participant278', 0, 147, 0),
('6_existing_participant279', 0, 147, 0),
('6_existing_participant280', 0, 147, 0),
('6_existing_participant281', 0, 147, 0),
('6_existing_participant282', 0, 147, 0),
('6_existing_participant283', 0, 147, 0),
('6_existing_participant284', 0, 147, 0),
('6_existing_participant285', 0, 147, 0),
('6_existing_participant286', 0, 147, 0),
('6_existing_participant287', 0, 147, 0),
('6_existing_participant89', 0, 147, 0),
('6_existing_participant90', 0, 147, 0),
('6_existing_participant91', 0, 147, 0),
('6_existing_participant92', 0, 147, 0),
('undefined', 0, 113, 0);

-- --------------------------------------------------------

--
-- Table structure for table `tournament`
--

DROP TABLE IF EXISTS `tournament`;
CREATE TABLE IF NOT EXISTS `tournament` (
  `tournament_id` int(10) unsigned NOT NULL AUTO_INCREMENT,
  `tournament_name` varchar(100) COLLATE utf8_estonian_ci NOT NULL,
  `tournament_year` int(11) NOT NULL,
  `tournament_place` varchar(100) COLLATE utf8_estonian_ci NOT NULL,
  `place_id` int(11) unsigned NOT NULL,
  `deleted` tinyint(1) NOT NULL DEFAULT '0',
  `tournament_start` datetime NOT NULL,
  `tournament_end` datetime NOT NULL,
  `tournament_loser_bracket` tinyint(1) unsigned NOT NULL DEFAULT '0',
  `tournament_daily_start` time NOT NULL,
  `tournament_daily_end` time NOT NULL,
  `tournament_days` varchar(7) COLLATE utf8_estonian_ci NOT NULL,
  `tournament_game_time` smallint(6) NOT NULL,
  `tournament_game_pause` smallint(6) NOT NULL,
  `tournament_field` smallint(6) NOT NULL,
  `tournament_group` smallint(6) NOT NULL,
  `tournament_win` smallint(6) NOT NULL,
  `tournament_type` tinyint(4) NOT NULL DEFAULT '-1' COMMENT '0 = Alagrupid + playoff 1= Alagrupid 2= Playoff 3= Paremusjärjestus',
  `tournament_game_win` tinyint(4) NOT NULL,
  `tournament_game_tie` tinyint(4) NOT NULL,
  `tournament_game_loss` tinyint(4) NOT NULL,
  `tournament_participant` varchar(50) COLLATE utf8_estonian_ci NOT NULL,
  `tournament_classification` varchar(50) COLLATE utf8_estonian_ci NOT NULL,
  PRIMARY KEY (`tournament_id`),
  KEY `place_id` (`place_id`)
) ENGINE=InnoDB  DEFAULT CHARSET=utf8 COLLATE=utf8_estonian_ci AUTO_INCREMENT=150 ;

--
-- Dumping data for table `tournament`
--

INSERT INTO `tournament` (`tournament_id`, `tournament_name`, `tournament_year`, `tournament_place`, `place_id`, `deleted`, `tournament_start`, `tournament_end`, `tournament_loser_bracket`, `tournament_daily_start`, `tournament_daily_end`, `tournament_days`, `tournament_game_time`, `tournament_game_pause`, `tournament_field`, `tournament_group`, `tournament_win`, `tournament_type`, `tournament_game_win`, `tournament_game_tie`, `tournament_game_loss`, `tournament_participant`, `tournament_classification`) VALUES
(1, 'Jalgpall', 2013, 'Torn', 1, 0, '2013-05-01 00:00:00', '2013-05-29 00:00:00', 0, '00:00:00', '00:00:00', '', 1, 0, 0, 6, 0, 1, 3, 2, 0, 'Võistleja', 'Firma nimi'),
(2, 'Jalgpall', 2013, 'Spordisaal', 2, 0, '2013-05-02 00:00:00', '2013-05-24 00:00:00', 0, '15:03:00', '00:00:00', '', 1, 1, 1, 1, 1, 0, 1, 1, 1, 'KAaa', 'Instituut'),
(106, 'tere', 0, '', 1, 1, '0000-00-00 00:00:00', '0000-00-00 00:00:00', 0, '00:00:00', '00:00:00', '', 1, 1, 1, 1, 1, 0, 3, 1, 0, '', ''),
(111, 'sdgfsgfd', 0, '', 1, 1, '2013-04-02 00:00:00', '2013-04-19 00:00:00', 0, '00:00:00', '00:00:00', '', 1, 1, 1, 3, 1, 0, 3, 2, 1, 'Võistkond', 'Instituut'),
(113, 'test 3', 0, '', 3, 0, '2013-04-01 10:00:00', '2013-04-19 13:00:00', 1, '00:00:00', '00:00:00', '', 1, 1, 1, 2, 5, 1, 4, 2, 1, 'Võistkond', 'Instituut'),
(114, 'gsgsgd', 0, '', 3, 1, '2013-04-03 15:14:00', '2013-04-19 10:09:00', 0, '00:00:00', '00:00:00', '', 1, 1, 1, 1, 1, 0, 3, 2, 1, 'Võistkond', 'Instituut'),
(115, 'sg', 0, '', 3, 1, '2013-04-03 00:00:00', '2013-04-19 00:00:00', 0, '00:00:00', '00:00:00', '', 1, 1, 1, 1, 1, 0, 3, 2, 1, 'Võistkond', 'Instituut'),
(127, 'test', 0, '', 3, 1, '2013-04-03 00:00:00', '2013-04-22 00:00:00', 0, '00:00:00', '00:00:00', '', 1, 1, 1, 1, 1, 0, 3, 2, 1, 'Võistkond', 'Instituut'),
(129, 'f', 0, '', 3, 1, '2013-04-02 00:00:00', '2013-04-22 00:00:00', 0, '00:00:00', '00:00:00', '', 1, 1, 1, 1, 1, 0, 3, 2, 1, 'Võistkond', 'Instituut'),
(130, 'turniir 2', 0, '', 3, 1, '0000-00-00 00:00:00', '0000-00-00 00:00:00', 0, '00:00:00', '00:00:00', '', 1, 1, 1, 1, 1, 0, 3, 2, 1, 'Võistkond', 'Instituut'),
(131, 'turniir 3', 0, '', 2, 1, '0000-00-00 00:00:00', '0000-00-00 00:00:00', 0, '00:00:00', '00:00:00', '', 1, 1, 1, 1, 1, 0, 3, 2, 1, 'Võistkond', 'Instituut'),
(132, 'aeg', 0, '', 2, 1, '2013-04-10 13:00:00', '2013-04-25 11:00:00', 0, '00:00:00', '00:00:00', '', 1, 1, 1, 1, 1, 0, 3, 2, 1, 'Võistkond', 'Instituut'),
(133, 'games_test', 0, '', 1, 1, '2013-04-02 00:00:00', '2013-04-24 00:00:00', 0, '00:00:00', '00:00:00', '', 1, 1, 1, 1, 1, 1, 3, 2, 1, 'Võistkond', 'Instituut'),
(134, 'mängijate test', 0, '', 1, 1, '2013-04-02 00:00:00', '2013-04-26 00:00:00', 0, '00:00:00', '00:00:00', '', 1, 1, 1, 1, 1, 0, 3, 2, 1, 'Võistkond', 'Instituut'),
(135, 'fgfdg', 0, '', 1, 1, '2013-04-02 00:00:00', '2013-04-26 00:00:00', 0, '00:00:00', '00:00:00', '', 1, 1, 1, 1, 1, 0, 3, 2, 1, 'Võistkond', 'Instituut'),
(136, 'gf', 0, '', 1, 1, '2013-04-02 00:00:00', '2013-04-26 00:00:00', 0, '00:00:00', '00:00:00', '', 1, 1, 1, 1, 1, 0, 3, 2, 1, 'Võistkond', 'Instituut'),
(137, 'f', 0, '', 1, 1, '2013-04-02 00:00:00', '2013-04-26 00:00:00', 0, '00:00:00', '00:00:00', '', 1, 1, 1, 1, 1, 0, 3, 2, 1, 'Võistkond', 'Instituut'),
(138, 'dgf', 0, '', 1, 1, '2013-04-01 00:00:00', '2013-04-26 00:00:00', 0, '00:00:00', '00:00:00', '', 1, 1, 1, 1, 1, 0, 3, 2, 1, 'Võistkond', 'Instituut'),
(139, 'sdf', 0, '', 3, 1, '2013-04-02 00:00:00', '2013-04-26 00:00:00', 0, '00:00:00', '00:00:00', '', 1, 1, 1, 1, 1, 0, 3, 2, 1, 'Võistkond', 'Instituut'),
(140, 'what', 0, '', 1, 1, '2013-04-01 00:00:00', '2013-04-26 00:00:00', 0, '00:00:00', '00:00:00', '', 1, 1, 1, 1, 1, 0, 3, 2, 1, 'Võistkond', 'Instituut'),
(141, 'af', 0, '', 5, 1, '2013-04-02 00:00:00', '2013-04-26 00:00:00', 0, '00:00:00', '00:00:00', '', 1, 1, 1, 1, 1, 0, 3, 2, 1, 'Võistkond', 'Instituut'),
(142, 'miks', 0, '', 3, 1, '2013-04-02 00:00:00', '2013-04-26 00:00:00', 0, '00:00:00', '00:00:00', '', 1, 1, 1, 1, 1, 0, 3, 2, 1, 'Võistkond', 'Instituut'),
(143, 'afd', 0, '', 3, 1, '2013-04-01 00:00:00', '2013-04-26 00:00:00', 0, '00:00:00', '00:00:00', '', 1, 1, 1, 1, 1, -1, 3, 2, 1, 'Võistkond', 'Instituut'),
(144, 'sf', 0, '', 3, 1, '2013-04-02 00:00:00', '2013-04-26 00:00:00', 0, '00:00:00', '00:00:00', '', 1, 1, 1, 1, 1, 0, 3, 2, 1, 'Võistkond', 'Instituut'),
(145, '1', 0, '', 1, 1, '2013-04-01 00:00:00', '2013-04-26 00:00:00', 0, '00:00:00', '00:00:00', '', 1, 1, 1, 1, 1, 1, 3, 2, 1, 'Võistkond', 'Instituut'),
(146, 'test5', 0, '', 3, 0, '2013-05-08 00:00:00', '2013-05-23 00:00:00', 1, '00:00:00', '00:00:00', '', 1, 1, 1, 1, 1, 0, 3, 2, 1, 'Võistkond', 'Instituut'),
(147, 'kaskfdkasfs', 0, '', 2, 0, '2013-05-16 00:00:00', '2013-05-31 00:00:00', 1, '00:00:00', '00:00:00', '', 1, 1, 1, 2, 2, 0, 5, 3, 1, 'Võistkond', 'Instituut'),
(148, 'asd', 0, '', 3, 0, '2013-05-21 00:00:00', '2013-05-31 00:00:00', 0, '00:00:00', '00:00:00', '', 1, 1, 1, 1, 1, -1, 3, 2, 1, 'Võistkond', 'Instituut'),
(149, 'testimind', 0, '', 3, 0, '2013-05-01 00:00:00', '2013-05-22 00:00:00', 0, '00:00:00', '00:00:00', '', 1, 1, 1, 1, 1, 3, 3, 2, 1, 'Võistkond', 'Instituut');

-- --------------------------------------------------------

--
-- Table structure for table `user`
--

DROP TABLE IF EXISTS `user`;
CREATE TABLE IF NOT EXISTS `user` (
  `user_id` int(10) unsigned NOT NULL AUTO_INCREMENT,
  `username` varchar(25) COLLATE utf8_estonian_ci NOT NULL,
  `password` varchar(255) CHARACTER SET utf8 NOT NULL,
  `name` varchar(50) COLLATE utf8_estonian_ci NOT NULL,
  `deleted` tinyint(1) unsigned NOT NULL DEFAULT '0',
  PRIMARY KEY (`user_id`)
) ENGINE=InnoDB  DEFAULT CHARSET=utf8 COLLATE=utf8_estonian_ci AUTO_INCREMENT=2 ;

--
-- Dumping data for table `user`
--

INSERT INTO `user` (`user_id`, `username`, `password`, `name`, `deleted`) VALUES
(1, 'demouser', 'demo', 'demouser', 0);

--
-- Constraints for dumped tables
--

--
-- Constraints for table `participant`
--
ALTER TABLE `participant`
  ADD CONSTRAINT `participant_ibfk_1` FOREIGN KEY (`institute_id`) REFERENCES `institute` (`institute_id`),
  ADD CONSTRAINT `participant_ibfk_2` FOREIGN KEY (`tournament_id`) REFERENCES `tournament` (`tournament_id`);

--
-- Constraints for table `playoff`
--
ALTER TABLE `playoff`
  ADD CONSTRAINT `playoff_ibfk_1` FOREIGN KEY (`tournament_id`) REFERENCES `tournament` (`tournament_id`);
SET FOREIGN_KEY_CHECKS=1;

/*!40101 SET CHARACTER_SET_CLIENT=@OLD_CHARACTER_SET_CLIENT */;
/*!40101 SET CHARACTER_SET_RESULTS=@OLD_CHARACTER_SET_RESULTS */;
/*!40101 SET COLLATION_CONNECTION=@OLD_COLLATION_CONNECTION */;
